date,ibovespa,sp500,nasdaq,dow_jones,bova11,smal11,ivvb11,usd_brl,eur_brl,ouro,petroleo_wti,petroleo_brent,soja,milho,cafe,treasury_10y,treasury_30y,petr4,vale3,itub4,bbas3,wege3,bitcoin,ethereum
2017-01,64671.0,2278.8701171875,5614.7900390625,19864.08984375,62.38999938964844,60.5,74.36000061035156,3.125499963760376,3.344099998474121,1208.5999755859375,52.810001373291016,55.70000076293945,1024.5,359.75,149.5500030517578,2.4509999752044678,3.0510001182556152,3.76267671585083,15.566873550415039,12.510065078735352,8.557744979858398,5.106160640716553,970.4030151367188,
2017-02,66662.0,2363.639892578125,5825.43994140625,20812.240234375,64.5,63.79999923706055,76.44999694824219,3.105299949645996,3.286600112915039,1252.5999755859375,54.0099983215332,55.59000015258789,1025.0,366.75,140.6999969482422,2.3580000400543213,2.9679999351501465,3.802757501602173,15.828094482421875,13.71180534362793,9.105154037475586,5.44956636428833,1179.969970703125,
2017-03,64984.0,2362.719970703125,5911.740234375,20663.220703125,62.779998779296875,62.77000045776367,76.5,3.147700071334839,3.3612000942230225,1247.300048828125,50.599998474121094,52.83000183105469,946.0,364.25,139.3000030517578,2.3959999084472656,3.0179998874664307,3.6299054622650146,14.41072940826416,12.987070083618164,9.316359519958496,5.627165794372559,1071.7900390625,
2017-04,65403.0,2384.199951171875,6047.60986328125,20940.509765625,63.189998626708984,64.9000015258789,78.9000015258789,3.1810998916625977,3.4532999992370605,1266.0999755859375,49.33000183105469,51.72999954223633,945.25,358.0,131.0500030517578,2.2820000648498535,2.9519999027252197,3.4996390342712402,13.731762886047363,13.458419799804688,9.062551498413086,5.724186420440674,1347.8900146484375,
2017-05,62711.0,2411.800048828125,6198.52001953125,21008.650390625,60.560001373291016,64.37999725341797,81.36000061035156,3.256200075149536,3.635699987411499,1272.0,48.31999969482422,50.310001373291016,916.0,372.0,129.35000610351562,2.196000099182129,2.8570001125335693,3.246622323989868,13.58179759979248,12.191286087036133,7.8723273277282715,6.1446075439453125,2286.409912109375,
2017-06,62900.0,2423.409912109375,6140.419921875,21349.630859375,60.93000030517578,64.43000030517578,83.9000015258789,3.3027000427246094,3.776400089263916,1240.699951171875,46.040000915527344,47.91999816894531,942.25,370.5,124.05000305175781,2.302000045776367,2.8399999141693115,3.0988214015960693,14.49657917022705,12.608121871948242,7.46613073348999,5.724186420440674,2480.840087890625,
2017-07,65920.0,2470.300048828125,6348.1201171875,21891.119140625,63.720001220703125,69.75,80.55000305175781,3.1777000427246094,3.676100015640259,1266.5999755859375,50.16999816894531,52.650001525878906,994.5,370.75,139.25,2.2920000553131104,2.8980000019073486,3.3292927742004395,15.646307945251465,12.808903694152832,7.995442867279053,6.163219928741455,2875.340087890625,
2017-08,70835.0,2471.64990234375,6428.66015625,21948.099609375,68.41000366210938,75.80000305175781,81.3499984741211,3.158799886703491,3.754300117492676,1316.199951171875,47.22999954223633,52.380001068115234,936.25,342.25,128.14999389648438,2.121000051498413,2.7249999046325684,3.419475555419922,17.535865783691406,13.994157791137695,8.609687805175781,6.657839775085449,4703.39013671875,
2017-09,74294.0,2519.360107421875,6495.9599609375,22405.08984375,71.58000183105469,78.4000015258789,83.44999694824219,3.1809000968933105,3.745699882507324,1281.5,51.66999816894531,57.540000915527344,968.25,355.25,128.0500030517578,2.3259999752044678,2.8570001125335693,3.8328192234039307,15.931244850158691,15.040205955505371,9.809685707092285,6.9637250900268555,4338.7099609375,
2017-10,74308.0,2575.260009765625,6727.669921875,23377.240234375,71.7699966430664,77.4000015258789,88.05999755859375,3.2873001098632812,3.827899932861328,1267.0,54.380001068115234,61.369998931884766,973.75,345.75,125.0999984741211,2.375999927520752,2.875,4.201071262359619,16.046213150024414,14.594223022460938,9.680387496948242,6.943534851074219,6468.39990234375,
2017-11,71971.0,2647.580078125,6873.97021484375,24272.349609375,69.4000015258789,75.2300033569336,90.5,3.244800090789795,3.843100070953369,1273.199951171875,57.400001525878906,63.56999969482422,985.75,341.75,126.30000305175781,2.4170000553131104,2.8320000171661377,3.8528597354888916,17.565858840942383,14.328631401062012,8.469754219055176,7.465604305267334,10233.599609375,447.114013671875
2017-12,76402.0,2673.610107421875,6903.39013671875,24719.220703125,73.81999969482422,80.94999694824219,93.55000305175781,3.3111000061035156,3.9511001110076904,1306.300048828125,60.41999816894531,66.5999984741211,951.75,350.75,126.19999694824219,2.4049999713897705,2.739000082015991,4.033227920532227,20.340234756469727,14.841015815734863,9.028885841369629,7.886009216308594,14156.400390625,756.7329711914062
2018-01,84913.0,2823.81005859375,7411.47998046875,26149.390625,82.0,84.19999694824219,94.30000305175781,3.179500102996826,3.944000005722046,1339.0,64.7300033569336,69.05000305175781,995.75,361.5,121.8499984741211,2.7200000286102295,2.941999912261963,4.9350690841674805,20.941450119018555,18.221342086791992,11.259157180786133,7.7519025802612305,10221.099609375,1118.31005859375
2018-02,85481.0,2713.830078125,7273.009765625,25029.19921875,82.5,83.6500015258789,92.5999984741211,3.248500108718872,3.9730000495910645,1315.5,61.63999938964844,65.77999877929688,1045.0,374.5,121.05000305175781,2.868000030517578,3.127000093460083,5.375967025756836,22.76024627685547,18.35244369506836,11.860701560974121,7.657050609588623,10397.900390625,855.198974609375
2018-03,85366.0,2640.8701171875,7063.4501953125,24103.109375,82.43000030517578,83.75,91.66000366210938,3.303499937057495,4.062600135803223,1322.800048828125,64.94000244140625,70.2699966430664,1044.75,387.75,118.1500015258789,2.740999937057495,2.9719998836517334,5.3634419441223145,21.567678451538086,18.6967830657959,11.7326021194458,7.438671112060547,6973.52978515625,396.4570007324219
2018-04,86115.0,2648.050048828125,7066.27001953125,24163.150390625,83.18000030517578,85.56999969482422,97.5999984741211,3.4581000804901123,4.189599990844727,1316.199951171875,68.56999969482422,75.16999816894531,1037.75,392.5,120.6500015258789,2.936000108718872,3.0969998836517334,5.754237651824951,24.868486404418945,18.59290313720703,10.494430541992188,7.604485988616943,9240.5498046875,669.9240112304688
2018-05,76754.0,2705.27001953125,7442.1201171875,24415.83984375,74.06999969482422,76.0,107.37000274658203,3.722100019454956,4.340400218963623,1300.0999755859375,67.04000091552734,77.58999633789062,1018.5,394.0,123.69999694824219,2.822000026702881,2.9860000610351562,4.764209270477295,25.869976043701172,15.670604705810547,8.7429780960083,7.347867012023926,7494.169921875,577.64501953125
2018-06,72763.0,2718.3701171875,7510.2998046875,24271.41015625,70.3499984741211,73.19999694824219,111.0,3.859499931335449,4.462600231170654,1251.300048828125,74.1500015258789,79.44000244140625,858.5,350.25,111.5,2.8489999771118164,2.9830000400543213,4.314897060394287,25.33857536315918,14.713201522827148,8.272327423095703,6.950107097625732,6404.0,455.17999267578125
2018-07,79220.0,2816.2900390625,7671.7900390625,25415.189453125,76.44999694824219,77.0,111.58000183105469,3.728100061416626,4.362800121307373,1223.699951171875,68.76000213623047,74.25,903.75,372.25,109.9000015258789,2.9639999866485596,3.0829999446868896,4.949957847595215,28.021121978759766,16.418941497802734,9.383965492248535,7.97105598449707,7780.43994140625,433.86700439453125
2018-08,76678.0,2901.52001953125,8109.5400390625,25964.8203125,74.12000274658203,73.80000305175781,125.19999694824219,4.148600101470947,4.836699962615967,1200.300048828125,69.80000305175781,77.41999816894531,833.0,351.0,98.0999984741211,2.8529999256134033,3.009999990463257,4.846585273742676,28.187442779541016,15.701713562011719,8.77194595336914,8.242354393005371,7037.580078125,283.0039978027344
2018-09,79342.0,2913.97998046875,8046.35009765625,26458.310546875,76.61000061035156,72.5,124.0999984741211,4.01200008392334,4.665200233459473,1191.5,73.25,82.72000122070312,845.5,356.25,102.44999694824219,3.055999994277954,3.197000026702881,5.307085990905762,31.446720123291016,16.39845085144043,8.609170913696289,8.522258758544922,6625.56005859375,232.84800720214844
2018-10,87424.0,2711.739990234375,7305.89990234375,25115.759765625,84.08000183105469,81.5,106.94999694824219,3.6946001052856445,4.189499855041504,1212.300048828125,65.30999755859375,75.47000122070312,839.0,363.25,112.69999694824219,3.1589999198913574,3.4019999504089355,6.950294017791748,29.81182861328125,18.307235717773438,12.497180938720703,7.767122745513916,6317.60986328125,197.38099670410156
2018-11,89504.0,2760.169921875,7330.5400390625,25538.4609375,86.37000274658203,85.98999786376953,112.9000015258789,3.8510000705718994,4.384699821472168,1220.199951171875,50.93000030517578,58.709999084472656,894.75,366.5,103.25,3.013000011444092,3.311000108718872,6.432308197021484,27.756380081176758,20.090177536010742,13.298774719238281,7.689449787139893,4017.2685546875,113.17141723632812
2018-12,87887.0,2506.85009765625,6635.27978515625,23327.4609375,84.5999984741211,87.05000305175781,102.69999694824219,3.8742001056671143,4.438300132751465,1278.300048828125,45.40999984741211,53.79999923706055,882.5,375.0,101.8499984741211,2.686000108718872,3.0199999809265137,5.927039623260498,26.810136795043945,19.814468383789062,13.893630027770996,7.591137886047363,3742.700439453125,133.36825561523438
2019-01,97394.0,2704.10009765625,7281.740234375,24999.669921875,94.0,95.30000305175781,104.5199966430664,3.6814000606536865,4.227700233459473,1319.699951171875,53.790000915527344,61.88999938964844,915.25,376.5,105.9000015258789,2.634999990463257,3.005000114440918,6.684905529022217,23.91884994506836,21.654369354248047,15.498464584350586,8.153759956359863,3457.792724609375,107.0610122680664
2019-02,95584.0,2784.489990234375,7532.52978515625,25916.0,91.8499984741211,93.37000274658203,111.25,3.727299928665161,4.239099979400635,1312.800048828125,57.220001220703125,66.02999877929688,897.5,362.0,95.19999694824219,2.7109999656677246,3.0829999446868896,7.071678161621094,24.75995445251465,20.659639358520508,15.292043685913086,8.00683879852295,3854.785400390625,136.74624633789062
2019-03,95415.0,2834.39990234375,7729.31982421875,25928.6796875,91.80999755859375,93.69000244140625,118.1500015258789,3.897700071334839,4.3765997886657715,1293.0,60.13999938964844,68.38999938964844,884.25,356.5,94.5,2.4140000343322754,2.822000026702881,7.333012580871582,26.773345947265625,20.199106216430664,14.766738891601562,7.844252586364746,4105.404296875,141.51409912109375
2019-04,96353.0,2945.830078125,8095.39013671875,26592.91015625,92.87999725341797,95.05000305175781,122.8499984741211,3.9442999362945557,4.40939998626709,1282.800048828125,63.90999984741211,72.80000305175781,841.25,353.25,91.8499984741211,2.509000062942505,2.940000057220459,7.089719772338867,26.337017059326172,19.855754852294922,15.05770206451416,8.097013473510742,5350.7265625,162.16603088378906
2019-05,97030.0,2752.06005859375,7453.14990234375,24815.0390625,93.58999633789062,96.80000305175781,115.05000305175781,3.9800000190734863,4.427700042724609,1305.800048828125,53.5,64.48999786376953,877.75,427.0,104.5999984741211,2.1419999599456787,2.5829999446868896,6.707070350646973,25.758766174316406,20.55158042907715,15.848973274230957,8.301835060119629,8574.501953125,268.1135559082031
2019-06,100967.0,2941.760009765625,8006.240234375,26599.9609375,97.11000061035156,103.5999984741211,119.69999694824219,3.815999984741211,4.3394999504089355,1409.699951171875,58.470001220703125,66.55000305175781,899.75,420.25,108.25,2.0,2.5280001163482666,7.19533634185791,27.2412052154541,21.30055809020996,16.541305541992188,9.308514595031738,10817.1552734375,290.69598388671875
2019-07,101812.0,2980.3798828125,8175.419921875,26864.26953125,97.9800033569336,110.25,121.11000061035156,3.789299964904785,4.225900173187256,1426.0999755859375,58.58000183105469,65.16999816894531,864.0,400.25,99.6500015258789,2.0209999084472656,2.5269999504089355,6.846198081970215,26.184572219848633,20.463115692138672,15.093864440917969,10.441269874572754,10085.6279296875,218.65414428710938
2019-08,101135.0,2926.4599609375,7962.8798828125,26403.279296875,97.61000061035156,111.5,129.0800018310547,4.168099880218506,4.6072998046875,1519.0999755859375,55.099998474121094,60.43000030517578,857.0,358.0,93.5999984741211,1.50600004196167,1.9700000286102295,6.746549606323242,23.95564842224121,20.413501739501953,14.314894676208496,9.862658500671387,9630.6640625,172.46978759765625
2019-09,104745.0,2976.739990234375,7999.33984375,26916.830078125,101.01000213623047,112.80000305175781,131.52000427246094,4.157100200653076,4.537499904632568,1465.699951171875,54.06999969482422,60.779998779296875,906.0,388.0,101.1500015258789,1.6749999523162842,2.121000051498413,7.288918972015381,25.101646423339844,21.07840919494629,14.151412010192871,10.638814926147461,8293.8681640625,179.87220764160156
2019-10,107220.0,3037.56005859375,8292.3603515625,27046.23046875,103.2300033569336,115.56999969482422,130.0,3.9862000942230225,4.443399906158447,1511.4000244140625,54.18000030517578,60.22999954223633,916.75,390.0,101.94999694824219,1.690999984741211,2.1760001182556152,8.040300369262695,24.812522888183594,21.809825897216797,14.978899002075195,11.196441650390625,9199.5849609375,183.9669189453125
2019-11,108233.0,3140.97998046875,8665.4697265625,28051.41015625,104.3499984741211,121.19999694824219,143.60000610351562,4.188000202178955,4.609399795532227,1465.5999755859375,55.16999816894531,62.43000030517578,876.75,371.25,118.55000305175781,1.7760000228881836,2.2019999027252197,7.7634596824646,26.273935317993164,20.957660675048828,14.991127014160156,13.356694221496582,7569.6298828125,152.53968811035156
2019-12,115964.0,3230.780029296875,8972.599609375,28538.439453125,111.2300033569336,136.44000244140625,138.7100067138672,4.015710830688477,4.498600006103516,1519.5,61.060001373291016,66.0,943.0,387.75,129.6999969482422,1.9190000295639038,2.3889999389648438,8.149016380310059,28.761688232421875,22.376041412353516,16.623249053955078,15.235566139221191,7193.59912109375,129.61085510253906
2020-01,113761.0,3225.52001953125,9150.9404296875,28256.029296875,108.9000015258789,136.91000366210938,148.10000610351562,4.242199897766113,4.67710018157959,1582.9000244140625,51.560001373291016,58.15999984741211,872.5,381.25,102.6500015258789,1.5199999809265137,2.015000104904175,7.6818952560424805,27.126646041870117,19.80265998840332,15.276265144348145,17.32353401184082,9350.529296875,180.16017150878906
2020-02,104172.0,2954.219970703125,8567.3701171875,25409.359375,100.5999984741211,125.9000015258789,141.55999755859375,4.484799861907959,4.930799961090088,1564.0999755859375,44.7599983215332,50.52000045776367,883.5,366.5,110.0999984741211,1.1269999742507935,1.6710000038146973,6.842151641845703,23.91051483154297,19.906124114990234,14.880224227905273,19.031652450561523,8599.5087890625,219.8485107421875
2020-03,73020.0,2584.590087890625,7700.10009765625,21917.16015625,69.3499984741211,78.70999908447266,144.6199951171875,5.192699909210205,5.725100040435791,1583.4000244140625,20.479999542236328,22.739999771118164,886.0,340.75,119.55000305175781,0.6980000138282776,1.3509999513626099,3.7774930000305176,23.322330474853516,14.370248794555664,8.900989532470703,14.82015609741211,6438.64453125,133.59356689453125
2020-04,80506.0,2912.429931640625,8889.5498046875,24345.720703125,77.20999908447266,90.41999816894531,170.5,5.334799766540527,5.80079984664917,1684.199951171875,18.84000015258789,25.270000457763672,850.25,311.5,104.6500015258789,0.621999979019165,1.2660000324249268,4.87375020980835,24.207304000854492,14.180303573608398,9.095670700073242,17.63231658935547,8658.5537109375,207.60205078125
2020-05,87403.0,3044.31005859375,9489.8701171875,25383.109375,84.1500015258789,94.6500015258789,175.64999389648438,5.403600215911865,5.983799934387207,1736.9000244140625,35.4900016784668,35.33000183105469,840.75,325.75,96.30000305175781,0.6480000019073486,1.406999945640564,5.492081165313721,28.59980010986328,14.357908248901367,9.8424711227417,18.46670150756836,9461.05859375,230.9757080078125
2020-06,95056.0,3100.2900390625,10058.76953125,25812.880859375,91.62000274658203,107.80000305175781,181.72000122070312,5.402100086212158,6.073800086975098,1793.0,39.27000045776367,41.150001525878906,884.25,338.5,100.05000305175781,0.652999997138977,1.409000039100647,5.8187971115112305,30.175493240356445,15.870095252990723,10.260554313659668,22.35991096496582,9137.9931640625,226.31500244140625
2020-07,102912.0,3271.1201171875,10745.26953125,26428.3203125,99.29000091552734,118.0,183.67999267578125,5.153900146484375,6.116300106048584,1962.800048828125,40.27000045776367,43.29999923706055,897.5,316.0,118.94999694824219,0.5360000133514404,1.1979999542236328,5.99442720413208,32.76027297973633,16.777931213378906,10.716933250427246,29.812442779541016,11323.466796875,345.5546569824219
2020-08,99369.0,3500.31005859375,11775.4599609375,28430.05078125,95.69999694824219,116.0,207.14999389648438,5.389999866485596,6.411399841308594,1967.5999755859375,42.61000061035156,45.279998779296875,951.25,348.5,129.8000030517578,0.6930000185966492,1.4520000219345093,5.9107208251953125,32.20446014404297,14.734439849853516,10.561799049377441,28.604007720947266,11680.8203125,435.0797424316406
2020-09,94603.0,3363.0,11167.509765625,27781.69921875,91.05000305175781,110.3499984741211,203.97999572753906,5.630499839782715,6.609600067138672,1887.5,40.220001220703125,40.95000076293945,1023.5,379.0,110.94999694824219,0.6769999861717224,1.4509999752044678,5.295077800750732,33.230247497558594,14.086456298828125,9.612539291381836,29.097681045532227,10784.4912109375,359.9378662109375
2020-10,93952.0,3269.9599609375,10911.58984375,26501.599609375,90.66000366210938,107.80000305175781,202.60000610351562,5.7778000831604,6.744200229644775,1877.4000244140625,35.790000915527344,37.459999084472656,1056.5,398.5,104.4000015258789,0.8600000143051147,1.6399999856948853,5.114163875579834,34.03977966308594,14.709807395935059,9.670952796936035,33.58413314819336,13780.9951171875,386.59033203125
2020-11,108888.0,3621.6298828125,12198.740234375,29638.640625,105.0,126.69999694824219,210.0,5.34250020980835,6.389400005340576,1775.699951171875,45.34000015258789,47.59000015258789,1168.5,419.75,120.69999694824219,0.843999981880188,1.5729999542236328,6.723477840423584,43.849754333496094,17.90378189086914,11.052041053771973,32.58320236206055,19625.8359375,614.842529296875
2020-12,119306.0,3756.070068359375,12888.2802734375,30606.48046875,114.6500015258789,135.3000030517578,210.0399932861328,5.190838813781738,6.384300231933594,1893.0999755859375,48.52000045776367,51.79999923706055,1315.25,484.0,128.25,0.9169999957084656,1.6460000276565552,7.652344703674316,49.16231918334961,19.879024505615234,12.70308780670166,33.56126403808594,29001.720703125,737.8034057617188
2021-01,116007.0,3714.239990234375,13070.6904296875,29982.619140625,110.55999755859375,130.0,220.0,5.437989234924316,6.5894999504089355,1847.300048828125,52.20000076293945,55.880001068115234,1370.0,547.0,122.94999694824219,1.093000054359436,1.8580000400543213,7.206813812255859,49.443416595458984,17.850353240966797,11.085733413696289,37.12831115722656,33114.359375,1314.9862060546875
2021-02,110035.0,3811.14990234375,13192.349609375,30932.369140625,105.58999633789062,127.16000366210938,231.0,5.528025150299072,6.722599983215332,1728.0999755859375,61.5,66.12999725341797,1405.25,555.5,136.85000610351562,1.4600000381469727,2.181999921798706,6.005228519439697,53.136905670166016,16.19306755065918,9.324519157409668,34.5848388671875,45137.76953125,1416.0489501953125
2021-03,116634.0,3972.889892578125,13246.8701171875,32981.55078125,112.22679901123047,134.15423583984375,245.47000122070312,5.771599769592285,6.763400077819824,1713.800048828125,59.15999984741211,63.540000915527344,1436.75,564.25,123.5,1.746000051498413,2.424999952316284,6.50746488571167,57.55760192871094,17.769763946533203,10.171659469604492,33.202369689941406,58918.83203125,1918.362060546875
2021-04,118894.0,4181.169921875,13962.6796875,33874.8515625,114.4000015258789,140.5,247.0,5.336400032043457,6.467899799346924,1767.300048828125,63.58000183105469,67.25,1571.0,740.0,139.9499969482422,1.63100004196167,2.3010001182556152,6.5925068855285645,64.04950714111328,17.536184310913086,9.901082992553711,31.1806640625,57750.17578125,2773.20703125
2021-05,126216.0,4204.10986328125,13748.740234375,34529.44921875,121.25,149.36000061035156,238.0,5.23799991607666,6.366000175476074,1902.5,66.31999969482422,69.62999725341797,1530.5,656.75,162.35000610351562,1.5809999704360962,2.263000011444092,7.49960470199585,67.43351745605469,18.858076095581055,11.329092025756836,30.414730072021484,37332.85546875,2714.9453125
2021-06,126802.0,4297.5,14503.9501953125,34502.51171875,121.80999755859375,150.0,232.5,4.955100059509277,5.894999980926514,1770.800048828125,73.47000122070312,75.12999725341797,1450.0,720.0,159.35000610351562,1.4429999589920044,2.065000057220459,8.214118003845215,67.84856414794922,19.033729553222656,10.9210205078125,30.023405075073242,35040.8359375,2274.547607421875
2021-07,121801.0,4395.259765625,14672.6796875,34935.46875,117.11000061035156,141.8000030517578,250.35000610351562,5.080399990081787,6.038700103759766,1812.5999755859375,73.94999694824219,76.33000183105469,1414.75,547.0,179.5500030517578,1.2389999628067017,1.8969999551773071,7.510766983032227,65.15860748291016,19.362834930419922,10.751066207885742,31.823556900024414,41626.1953125,2536.2099609375
2021-08,118781.0,4522.68017578125,15259.240234375,35360.73046875,114.08000183105469,136.3300018310547,254.0,5.1828999519348145,6.1118998527526855,1815.0,68.5,72.98999786376953,1298.75,534.0,193.4499969482422,1.3040000200271606,1.9270000457763672,8.040913581848145,59.1196174621582,19.848569869995117,10.464757919311523,31.830881118774414,47166.6875,3433.732666015625
2021-09,110979.0,4307.5400390625,14448.580078125,33843.921875,106.48999786376953,127.4000015258789,255.0,5.414299964904785,6.278500080108643,1755.300048828125,75.02999877929688,78.5199966430664,1256.0,536.75,194.0,1.5290000438690186,2.0920000076293945,8.052742004394531,50.420379638671875,18.5681209564209,10.000953674316406,35.49184036254883,43790.89453125,3001.678955078125
2021-10,103501.0,4605.3798828125,15498.3896484375,35819.55859375,99.68000030517578,111.19999694824219,283.0,5.644899845123291,6.5929999351501465,1783.0,83.56999969482422,84.37999725341797,1235.75,568.25,203.9499969482422,1.5570000410079956,1.9420000314712524,8.029083251953125,47.3583869934082,14.96880054473877,9.862530708312988,33.136470794677734,61318.95703125,4288.07421875
2021-11,101915.0,4567.0,15537.6904296875,34483.71875,98.3499984741211,108.80000305175781,280.54998779296875,5.6006999015808105,6.322299957275391,1773.5999755859375,66.18000030517578,70.56999969482422,1217.25,567.0,233.25,1.4429999589920044,1.7869999408721924,8.703349113464355,46.26055908203125,14.555315017700195,11.169730186462402,28.864551544189453,57005.42578125,4631.47900390625
2021-12,104822.0,4766.18017578125,15644.9697265625,36338.30078125,100.80000305175781,113.30000305175781,293.55999755859375,5.570199966430664,6.304900169372559,1827.5,75.20999908447266,77.77999877929688,1328.75,593.25,226.10000610351562,1.5119999647140503,1.9049999713897705,9.451431274414062,51.55788040161133,13.636033058166504,10.17606258392334,29.563369750976562,46306.4453125,3682.6328125
2022-01,112388.0,4515.5498046875,14239.8798828125,35131.859375,107.9800033569336,117.0,260.3999938964844,5.362599849700928,5.9781999588012695,1795.0,88.1500015258789,91.20999908447266,1490.5,626.0,235.10000610351562,1.781999945640564,2.0980000495910645,10.74705696105957,53.48237228393555,16.500812530517578,11.519939422607422,28.828330993652344,38483.125,2688.27880859375
2022-02,113142.0,4373.93994140625,13751.400390625,33892.6015625,108.9000015258789,111.04000091552734,245.5,5.15939998626709,5.814000129699707,1899.4000244140625,95.72000122070312,100.98999786376953,1644.25,697.5,234.25,1.8389999866485596,2.181999921798706,11.295208930969238,61.028236389160156,16.612468719482422,12.419381141662598,26.536924362182617,43193.234375,2919.201171875
2022-03,119999.0,4530.41015625,14220.51953125,34678.3515625,115.5999984741211,120.94000244140625,235.64999389648438,4.769700050354004,5.319799900054932,1949.199951171875,100.27999877929688,107.91000366210938,1618.25,748.75,226.39999389648438,2.3269999027252197,2.447999954223633,11.112491607666016,65.654541015625,17.93589210510254,12.612044334411621,31.509469985961914,45538.67578125,3281.642822265625
2022-04,107876.0,4131.93017578125,12334.6396484375,32977.2109375,103.4000015258789,110.5999984741211,224.10000610351562,4.93779993057251,5.183700084686279,1909.300048828125,104.69000244140625,109.33999633789062,1708.25,818.25,222.5500030517578,2.88700008392334,2.947000026702881,11.00492000579834,57.200496673583984,15.589694023132324,12.074124336242676,27.199172973632812,37714.875,2730.186767578125
2022-05,111351.0,4132.14990234375,12081.3896484375,32990.12109375,107.18000030517578,109.30000305175781,214.5,4.752399921417236,5.117599964141846,1842.699951171875,114.66999816894531,122.83999633789062,1683.25,753.5,231.25,2.8440001010894775,3.056999921798706,12.174531936645508,59.20583724975586,17.09796714782715,13.54633903503418,22.925018310546875,31792.310546875,1942.3280029296875
2022-06,98542.0,3785.3798828125,11028.740234375,30775.4296875,95.0,91.33000183105469,216.6999969482422,5.1809000968933105,5.409800052642822,1804.0999755859375,105.76000213623047,114.80999755859375,1675.0,743.75,233.60000610351562,2.9719998836517334,3.11899995803833,11.31186294555664,52.578582763671875,14.826930046081543,12.440038681030273,23.94010353088379,19784.7265625,1067.298828125
2022-07,103165.0,4130.2900390625,12390.6904296875,32845.12890625,99.30000305175781,95.6500015258789,234.5,5.182700157165527,5.279699802398682,1762.9000244140625,98.62000274658203,110.01000213623047,1637.0,616.25,217.1999969482422,2.6419999599456787,2.9739999771118164,13.831010818481445,47.901729583740234,15.460297584533691,13.405277252197266,25.50948143005371,23336.896484375,1681.517333984375
2022-08,109523.0,3955.0,11816.2001953125,31510.4296875,105.83000183105469,106.80000305175781,226.0,5.1219000816345215,5.131800174713135,1712.800048828125,89.55000305175781,96.48999786376953,1507.5,673.75,239.10000610351562,3.132999897003174,3.255000114440918,16.52778434753418,46.59212112426758,17.09855842590332,15.83792495727539,25.73692512512207,20049.763671875,1553.6849365234375
2022-09,110037.0,3585.6201171875,10575.6201171875,28725.509765625,106.45999908447266,105.44000244140625,213.5,5.396200180053711,5.303100109100342,1662.4000244140625,79.48999786376953,87.95999908447266,1364.75,677.5,221.5500030517578,3.803999900817871,3.765000104904175,14.82178783416748,52.03870391845703,18.601858139038086,14.731579780578613,29.2817325592041,19431.7890625,1327.9786376953125
2022-10,116037.0,3871.97998046875,10988.150390625,32732.94921875,112.1500015258789,112.5,220.24000549316406,5.28849983215332,5.27370023727417,1635.9000244140625,86.52999877929688,94.83000183105469,1407.0,691.5,177.6999969482422,4.077000141143799,4.203999996185303,14.826760292053223,48.49192428588867,20.165790557861328,14.157917022705078,36.69782638549805,20495.7734375,1572.7144775390625
2022-11,112486.0,4080.110107421875,11468.0,34589.76953125,108.58000183105469,99.9800033569336,233.25,5.268199920654297,5.436200141906738,1746.0,80.55000305175781,85.43000030517578,1469.5,662.0,167.6999969482422,3.703000068664551,3.822000026702881,14.186389923095703,61.91334915161133,17.257080078125,13.808131217956543,35.53165817260742,17168.56640625,1295.6885986328125
2022-12,110031.0,3839.5,10466.48046875,33147.25,105.94999694824219,96.5199966430664,225.0,5.284599781036377,5.632999897003174,1819.699951171875,80.26000213623047,85.91000366210938,1519.25,678.5,167.3000030517578,3.878999948501587,3.9749999046325684,13.037001609802246,64.4217300415039,16.933263778686523,13.733301162719727,35.136234283447266,16547.49609375,1196.771240234375
2023-01,113532.0,4076.60009765625,11584.5498046875,34086.0390625,109.83999633789062,99.44000244140625,228.1999969482422,5.1149001121521,5.547100067138672,1929.5,78.87000274658203,84.48999786376953,1538.0,679.75,181.75,3.5290000438690186,3.6610000133514404,13.8724365234375,68.50244903564453,17.16890525817871,16.094022750854492,34.889892578125,23139.283203125,1586.535400390625
2023-02,104932.0,3970.14990234375,11455.5400390625,32656.69921875,101.1500015258789,88.36000061035156,229.3000030517578,5.199699878692627,5.513999938964844,1828.9000244140625,77.05000305175781,83.88999938964844,1490.5,629.5,190.39999389648438,3.9159998893737793,3.930999994277954,13.430773735046387,61.84138488769531,17.248708724975586,16.25511360168457,35.93454360961914,23147.353515625,1605.8951416015625
2023-03,101882.0,4109.31005859375,12221.91015625,33274.1484375,98.48999786376953,87.81999969482422,229.75,5.092700004577637,5.551799774169922,1969.0,75.66999816894531,79.7699966430664,1505.5,660.5,170.5,3.49399995803833,3.688999891281128,12.47827434539795,59.473594665527344,16.984569549560547,15.92204761505127,37.25981140136719,28478.484375,1822.0220947265625
2023-04,104432.0,4169.47998046875,12226.580078125,34098.16015625,100.9000015258789,89.0,229.75,4.976200103759766,5.48829984664917,1990.0999755859375,76.77999877929688,79.54000091552734,1444.25,636.0,189.85000610351562,3.4519999027252197,3.677999973297119,14.206189155578613,53.62919616699219,17.807371139526367,17.44870948791504,37.783546447753906,29268.806640625,1876.92431640625
2023-05,108335.0,4179.830078125,12935.2900390625,32908.26953125,104.83999633789062,100.5,233.25,5.034800052642822,5.401199817657471,1963.9000244140625,68.08999633789062,72.66000366210938,1299.75,594.0,178.64999389648438,3.63700008392334,3.8559999465942383,15.656777381896973,47.26628112792969,18.101367950439453,18.165220260620117,34.558353424072266,27219.658203125,1874.1304931640625
2023-06,118087.0,4450.3798828125,13787.919921875,34407.6015625,114.16999816894531,109.5,235.25,4.855599880218506,5.273900032043457,1921.0999755859375,70.63999938964844,74.9000015258789,1557.25,554.5,161.0,3.819000005722046,3.8550000190734863,18.85991668701172,47.569984436035156,19.73226547241211,20.607912063598633,34.74232864379883,30477.251953125,1933.18896484375
2023-07,121943.0,4588.9599609375,14346.01953125,35559.53125,117.94999694824219,112.9000015258789,239.82000732421875,4.723299980163574,5.189499855041504,1970.5,81.80000305175781,85.55999755859375,1445.75,504.0,164.64999389648438,3.9590001106262207,4.019000053405762,19.8690128326416,51.22921371459961,19.897363662719727,20.103145599365234,36.87711715698242,29230.111328125,1856.162353515625
2023-08,115742.0,4507.66015625,14034.9697265625,34721.91015625,112.30999755859375,104.19999694824219,247.64999389648438,4.888400077819824,5.313000202178955,1938.199951171875,83.62999725341797,86.86000061035156,1360.0,461.0,152.6999969482422,4.0929999351501465,4.203999996185303,21.17669677734375,49.66135787963867,19.068477630615234,19.990877151489258,33.14507293701172,25931.47265625,1645.63916015625
2023-09,116565.0,4288.0498046875,13219.3203125,33507.5,113.1500015258789,101.63999938964844,238.7899932861328,5.032800197601318,5.319699764251709,1848.0999755859375,90.79000091552734,95.30999755859375,1275.0,476.75,146.14999389648438,4.572999954223633,4.710999965667725,22.96683692932129,51.569061279296875,19.114835739135742,20.167085647583008,33.56338882446289,26967.916015625,1671.161865234375
2023-10,113144.0,4193.7998046875,12851.240234375,33052.87109375,109.62000274658203,94.19999694824219,234.0,5.04610013961792,5.353700160980225,1985.199951171875,81.0199966430664,87.41000366210938,1287.0,478.75,167.3000030517578,4.875,5.021999835968018,23.03314208984375,52.65263366699219,18.85309410095215,20.667198181152344,30.54665756225586,34667.78125,1816.458984375
2023-11,127331.0,4567.7998046875,14226.2197265625,35950.890625,123.56999969482422,106.3499984741211,249.6999969482422,4.904099941253662,5.362800121307373,2038.0999755859375,75.95999908447266,82.83000183105469,1342.75,461.75,195.0,4.3520002365112305,4.513000011444092,24.741962432861328,58.092369079589844,22.22079086303711,23.197702407836914,31.63860511779785,37712.74609375,2052.55615234375
2023-12,134185.0,4769.830078125,15011.349609375,37689.5390625,130.38999938964844,113.19999694824219,257.6099853515625,4.850200176239014,5.3429999351501465,2062.39990234375,71.6500015258789,77.04000091552734,1293.5,471.25,188.3000030517578,3.865999937057495,4.019000053405762,25.6583309173584,60.727561950683594,24.0972843170166,23.826257705688477,34.223960876464844,42265.1875,2281.47119140625
2024-01,127752.0,4845.64990234375,15164.009765625,38150.30078125,123.94999694824219,106.37000274658203,266.6199951171875,4.950300216674805,5.360400199890137,2048.39990234375,75.8499984741211,81.70999908447266,1222.25,448.25,194.0500030517578,3.9670000076293945,4.215000152587891,28.083608627319336,53.301822662353516,23.26521873474121,24.282222747802734,29.986534118652344,42582.60546875,2282.54443359375
2024-02,129020.0,5096.27001953125,16091.919921875,38996.390625,125.25,106.5,281.1000061035156,4.967299938201904,5.38100004196167,2045.699951171875,78.26000213623047,83.62000274658203,1128.25,415.75,195.85000610351562,4.251999855041504,4.375,27.656429290771484,52.69611740112305,24.89082145690918,24.88874626159668,34.304039001464844,61198.3828125,3341.919677734375
2024-03,128106.0,5254.35009765625,16379.4599609375,39807.37109375,124.33000183105469,109.0,292.6000061035156,5.014100074768066,5.406499862670898,2217.39990234375,83.16999816894531,87.4800033569336,1191.5,442.0,188.85000610351562,4.205999851226807,4.348999977111816,25.741012573242188,49.990936279296875,25.597118377685547,24.53110694885254,35.76783752441406,71333.6484375,3647.8564453125
2024-04,125924.0,5035.68994140625,15657.8203125,37815.921875,122.37999725341797,100.5,291.0,5.117000102996826,5.479400157928467,2291.39990234375,81.93000030517578,87.86000061035156,1145.5,439.5,220.64999389648438,4.685999870300293,4.789999961853027,29.76244354248047,52.012596130371094,23.1851806640625,23.75990867614746,37.03188705444336,60636.85546875,3012.286865234375
2024-05,122098.0,5277.509765625,16735.01953125,38686.3203125,118.66000366210938,96.87000274658203,308.20001220703125,5.202099800109863,5.631100177764893,2322.89990234375,76.98999786376953,81.62000274658203,1205.0,446.25,222.35000610351562,4.513999938964844,4.6519999504089355,28.682348251342773,51.93863296508789,22.95412254333496,23.49995231628418,35.15922164916992,67491.4140625,3760.026611328125
2024-06,123907.0,5460.47998046875,17732.599609375,39118.859375,120.37999725341797,96.44999694824219,339.8299865722656,5.500500202178955,5.890900135040283,2327.699951171875,81.54000091552734,86.41000366210938,1150.5,397.25,228.9499969482422,4.3429999351501465,4.501999855041504,28.936769485473633,51.133262634277344,24.178796768188477,23.717771530151367,39.5037956237793,62678.29296875,3432.88916015625
2024-07,127652.0,5522.2998046875,17599.400390625,40842.7890625,124.04000091552734,98.5,347.70001220703125,5.611100196838379,6.069499969482422,2426.5,77.91000366210938,80.72000122070312,1028.5,382.75,229.1999969482422,4.109000205993652,4.36899995803833,28.450054168701172,50.64838790893555,25.289234161376953,23.575702667236328,47.50518798828125,64619.25,3231.295654296875
2024-08,136004.0,5648.39990234375,17713.619140625,41563.078125,132.60000610351562,102.7699966430664,354.8500061035156,5.627699851989746,6.222400188446045,2493.800048828125,73.55000305175781,78.80000305175781,982.0,378.0,248.1999969482422,3.9110000133514404,4.196000099182129,30.792720794677734,50.75234603881836,27.408464431762695,25.3834228515625,50.969730377197266,58969.8984375,2513.393798828125
2024-09,131816.0,5762.47998046875,18189.169921875,42330.1484375,128.42999267578125,97.95999908447266,349.79998779296875,5.433199882507324,6.065199851989746,2636.10009765625,68.16999816894531,71.7699966430664,1057.0,424.75,270.25,3.802000045776367,4.133999824523926,28.16474151611328,54.10005569458008,27.183555603027344,24.69541358947754,51.259727478027344,63329.5,2603.062744140625
2024-10,129713.0,5705.4501953125,18095.150390625,41763.4609375,126.26000213623047,97.25,368.5799865722656,5.76230001449585,6.252200126647949,2738.300048828125,69.26000213623047,73.16000366210938,982.5,410.75,245.89999389648438,4.283999919891357,4.4730000495910645,28.086528778076172,52.864898681640625,26.375892639160156,23.923112869262695,50.995849609375,70215.1875,2515.79931640625
2024-11,125668.0,6032.3798828125,19218.169921875,44910.6484375,122.31999969482422,93.31999969482422,402.8500061035156,6.013899803161621,6.345178127288818,2657.0,68.0,72.94000244140625,989.5,423.0,321.6499938964844,4.177999973297119,4.366000175476074,30.42511558532715,50.07087707519531,24.56561851501465,22.936206817626953,50.835628509521484,96449.0546875,3705.705322265625
2024-12,120283.0,5881.6298828125,19310.7890625,42544.21875,117.2699966430664,85.94999694824219,407.70001220703125,6.1778998374938965,6.422607898712158,2629.199951171875,71.72000122070312,74.63999938964844,998.25,458.5,319.75,4.572999954223633,4.785999774932861,30.555458068847656,46.88235855102539,23.39008903503418,22.537473678588867,49.80448913574219,93429.203125,3332.53173828125
2025-01,126135.0,6040.52978515625,19627.439453125,44544.66015625,123.0,91.4000015258789,394.1499938964844,5.874499797821045,6.10128116607666,2812.5,72.52999877929688,76.76000213623047,1042.0,482.0,377.8500061035156,4.568999767303467,4.813000202178955,31.821918487548828,46.55576705932617,25.749208450317383,25.810396194458008,51.946929931640625,102405.0234375,3298.26513671875
2025-02,122799.0,5954.5,18847.279296875,43840.91015625,120.01000213623047,87.5999984741211,392.70001220703125,5.839000225067139,6.064280986785889,2836.800048828125,69.76000213623047,73.18000030517578,1011.5,453.5,379.04998779296875,4.230999946594238,4.515999794006348,30.335939407348633,47.39802169799805,25.497255325317383,25.465389251708984,45.698951721191406,84373.0078125,2237.9052734375
2025-03,130260.0,5611.85009765625,17299.2890625,42001.76171875,127.30000305175781,93.41999816894531,358.70001220703125,5.7581000328063965,6.226650238037109,3122.800048828125,71.4800033569336,74.73999786376953,1014.75,457.25,379.75,4.245999813079834,4.61299991607666,31.374439239501953,50.632049560546875,27.596832275390625,26.90760040283203,43.07686233520508,82548.9140625,1823.47998046875
2025-04,135067.0,5569.06005859375,17446.33984375,40669.359375,131.6300048828125,101.5,354.3500061035156,5.619999885559082,6.393861770629883,3305.0,58.209999084472656,63.119998931884766,1034.75,467.25,413.6000061035156,4.177000045776367,4.681000232696533,25.946941375732422,47.202999114990234,31.278167724609375,27.61393928527832,42.46799850463867,94207.3125,1793.775390625
2025-05,137027.0,5911.68994140625,19113.76953125,42270.0703125,133.99000549316406,107.63999938964844,378.79998779296875,5.66510009765625,6.439149856567383,3288.89990234375,60.790000915527344,63.900001525878906,1041.75,444.0,342.45001220703125,4.415999889373779,4.928999900817871,26.734262466430664,46.52433395385742,32.92082214355469,22.35459327697754,40.289424896240234,104638.09375,2529.08740234375
2025-06,138855.0,6204.9501953125,20369.73046875,44094.76953125,135.85000610351562,109.02999877929688,377.8500061035156,5.478400230407715,6.418485164642334,3294.39990234375,65.11000061035156,67.61000061035156,1024.25,420.5,306.75,4.230000019073486,4.7789998054504395,27.96767234802246,47.015472412109375,32.81526565551758,21.476905822753906,40.79064178466797,107135.3359375,2486.46435546875
2025-07,133071.0,6339.39013671875,21122.44921875,44130.98046875,129.8800048828125,101.91999816894531,398.010009765625,5.575399875640869,6.365372180938721,3293.199951171875,69.26000213623047,72.52999877929688,961.75,394.0,295.79998779296875,4.360000133514404,4.886000156402588,29.090660095214844,47.73878479003906,31.240489959716797,19.153242111206055,35.55282974243164,115758.203125,3696.707763671875
2025-08,141422.0,6460.259765625,21455.55078125,45544.87890625,138.5,107.43000030517578,393.8500061035156,5.413000106811523,6.317119121551514,3473.699951171875,64.01000213623047,68.12000274658203,1036.75,398.0,396.8500061035156,4.2270002365112305,4.916999816894531,28.346942901611328,51.35502243041992,34.54894256591797,20.796335220336914,36.07975387573242,108236.7109375,4390.01904296875
2025-09,146237.0,6688.4599609375,22660.009765625,46397.890625,143.24000549316406,109.66999816894531,399.79998779296875,5.321700096130371,6.238303184509277,3840.800048828125,62.369998931884766,67.0199966430664,1001.75,415.5,374.8500061035156,4.1479997634887695,4.73199987411499,28.675073623657227,53.222137451171875,35.08564376831055,21.476905822753906,35.16136932373047,114056.0859375,4145.95751953125
2025-10,149540.0,6840.2001953125,23724.9609375,47562.87109375,146.41000366210938,110.05999755859375,413.3299865722656,5.381999969482422,6.222774982452393,3982.199951171875,60.97999954223633,65.06999969482422,1099.75,431.5,392.04998779296875,4.10099983215332,4.670000076293945,27.11644744873047,60.32088851928711,35.433929443359375,21.292179107666016,40.45623016357422,109556.1640625,3847.080322265625
2025-11,159072.0,6849.08984375,23365.689453125,47716.421875,155.85000610351562,116.48999786376953,411.0899963378906,5.355400085449219,6.207324981689453,4218.2998046875,58.54999923706055,63.20000076293945,1137.75,435.5,413.0,4.017000198364258,4.664999961853027,28.975862503051758,62.29892349243164,37.42720413208008,21.846363067626953,42.52228927612305,90394.3125,2992.112548828125
2025-12,161125.0,6845.5,23241.990234375,48063.2890625,158.0,112.44999694824219,424.20001220703125,5.476200103759766,6.426734924316406,4325.60009765625,57.41999816894531,60.849998474121094,1030.5,440.25,348.75,4.163000106811523,4.840000152587891,28.978918075561523,69.99588012695312,38.4122314453125,21.424240112304688,48.292396545410156,87508.828125,2967.03759765625
2026-01,181364.0,6939.02978515625,23461.8203125,48892.46875,178.1999969482422,123.80000305175781,410.6499938964844,5.189199924468994,6.203474044799805,4713.89990234375,65.20999908447266,70.69000244140625,1064.25,428.25,332.25,4.241000175476074,4.872000217437744,35.50434494018555,82.01851654052734,44.57219314575195,24.64960289001465,51.48800277709961,78621.1171875,2445.091796875
2026-02,188787.0,6878.8798828125,22668.2109375,48977.921875,185.16000366210938,126.37999725341797,396.75,5.136600017547607,6.056934833526611,5230.5,67.0199966430664,72.4800033569336,1157.25,438.75,284.6000061035156,3.9619998931884766,4.632999897003174,36.980560302734375,86.05524444580078,45.84440612792969,26.558765411376953,49.4770622253418,66995.859375,1965.050537109375
2026-03,187462.0,6528.52001953125,21590.630859375,46341.51171875,184.27999877929688,120.0,380.1499938964844,5.263999938964844,6.027728080749512,4647.60009765625,101.37999725341797,118.3499984741211,1171.0,457.75,298.3500061035156,4.310999870300293,4.890999794006348,45.76262283325195,80.22874450683594,42.979122161865234,22.72525405883789,50.89204788208008,68233.3125,2104.708251953125
2026-04,187318.0,7209.009765625,24892.310546875,49652.140625,184.08999633789062,115.76000213623047,402.5,5.017499923706055,5.858231067657471,4614.7001953125,105.06999969482422,114.01000213623047,1182.0,464.75,300.8999938964844,4.389999866485596,4.986999988555908,46.79912185668945,78.96421813964844,42.7103271484375,21.94468879699707,44.75627136230469,76304.3203125,2256.251220703125
2026-05,173788.0,7580.06005859375,26972.619140625,51032.4609375,170.75,110.98999786376953,430.3999938964844,5.051700115203857,5.882352828979492,4560.5,87.36000061035156,92.05000305175781,1186.75,446.75,265.6000061035156,4.453000068664551,4.993000030517578,40.04814529418945,80.55945587158203,39.61198043823242,20.057506561279297,43.99802780151367,73579.6875,2004.341552734375
2026-06,172024.0,7499.35986328125,26213.720703125,52319.19921875,169.0500030517578,107.9800033569336,435.6499938964844,5.181787014007568,5.9171600341796875,4022.89990234375,69.5,72.91999816894531,1116.75,412.75,311.20001220703125,4.418000221252441,4.9019999504089355,36.64966583251953,75.75428771972656,42.12455749511719,19.811538696289062,46.90999984741211,58558.859375,1569.5838623046875
2026-07,177999.0,7489.72021484375,25373.849609375,52485.03125,175.02000427246094,107.25,428.3900146484375,5.078100204467773,5.847952842712402,4049.10009765625,84.66999816894531,90.12000274658203,1172.0,440.75,332.1000061035156,4.744999885559082,5.275000095367432,42.098636627197266,74.19796752929688,42.85209274291992,21.244417190551758,47.20000076293945,62813.74609375,1860.345947265625
2026-08,177419.0,7686.14013671875,26370.890625,53185.8984375,174.77999877929688,106.12999725341797,449.3500061035156,5.191199779510498,6.009614944458008,4431.10009765625,85.76000213623047,90.48999786376953,1275.25,515.0,343.8999938964844,4.757999897003174,5.249000072479248,45.02000045776367,77.8499984741211,39.5018196105957,20.637434005737305,50.150001525878906,78548.6328125,2466.8203125
2026-09,185147.0,7718.60009765625,26506.990234375,53414.25,181.94000244140625,110.98999786376953,447.3500061035156,5.127099990844727,5.960999965667725,4476.60009765625,91.4800033569336,96.27999877929688,1293.75,512.0,324.25,4.783999919891357,5.245999813079834,47.11000061035156,78.62000274658203,41.91999816894531,22.520000457763672,51.7400016784668,79449.9765625,2493.080078125
