date,ibovespa,sp500,nasdaq,dow_jones,bova11,smal11,ivvb11,usd_brl,eur_brl,ouro,petroleo_wti,petroleo_brent,soja,milho,cafe,treasury_10y,treasury_30y,petr4,vale3,itub4,bbas3,wege3,bitcoin,ethereum
2017-01,64671.0,2278.8701171875,5614.7900390625,19864.08984375,62.38999938964844,60.5,74.36000061035156,3.125499963760376,3.344099998474121,1208.5999755859375,52.810001373291016,55.70000076293945,1024.5,359.75,149.5500030517578,2.4509999752044678,3.0510001182556152,3.9469475746154785,16.003690719604492,12.650568962097168,8.661206245422363,5.11799430847168,970.4030151367188,
2017-02,66662.0,2363.639892578125,5825.43994140625,20812.240234375,64.5,63.79999923706055,76.44999694824219,3.105299949645996,3.286600112915039,1252.5999755859375,54.0099983215332,55.59000015258789,1025.0,366.75,140.6999969482422,2.3580000400543213,2.9679999351501465,3.988992214202881,16.27224349975586,13.865804672241211,9.21523666381836,5.462197780609131,1179.969970703125,
2017-03,64984.0,2362.719970703125,5911.740234375,20663.220703125,62.779998779296875,62.77000045776367,76.5,3.147700071334839,3.3612000942230225,1247.300048828125,50.599998474121094,52.83000183105469,946.0,364.25,139.3000030517578,2.3959999084472656,3.0179998874664307,3.8076744079589844,14.815104484558105,13.132927894592285,9.428994178771973,5.640207290649414,1071.7900390625,
2017-04,65403.0,2384.199951171875,6047.60986328125,20940.509765625,63.189998626708984,64.9000015258789,78.9000015258789,3.1810998916625977,3.4532999992370605,1266.0999755859375,49.33000183105469,51.72999954223633,945.25,358.0,131.0500030517578,2.2820000648498535,2.9519999027252197,3.6710305213928223,14.117082595825195,13.609572410583496,9.172119140625,5.737453460693359,1347.8900146484375,
2017-05,62711.0,2411.800048828125,6198.52001953125,21008.650390625,60.560001373291016,64.37999725341797,81.36000061035156,3.256200075149536,3.635699987411499,1272.0,48.31999969482422,50.310001373291016,916.0,372.0,129.35000610351562,2.196000099182129,2.8570001125335693,3.4056217670440674,13.962909698486328,12.328198432922363,7.967504024505615,6.158848285675049,2286.409912109375,
2017-06,62900.0,2423.409912109375,6140.419921875,21349.630859375,60.93000030517578,64.43000030517578,83.9000015258789,3.3027000427246094,3.776400089263916,1240.699951171875,46.040000915527344,47.91999816894531,942.25,370.5,124.05000305175781,2.302000045776367,2.8399999141693115,3.2505829334259033,14.903363227844238,12.749722480773926,7.556392192840576,5.737453460693359,2480.840087890625,
2017-07,65920.0,2470.300048828125,6348.1201171875,21891.119140625,63.720001220703125,69.75,80.55000305175781,3.1777000427246094,3.676100015640259,1266.5999755859375,50.16999816894531,52.650001525878906,994.5,370.75,139.25,2.2920000553131104,2.8980000019073486,3.492339849472046,16.085350036621094,12.952762603759766,8.092106819152832,6.177504062652588,2875.340087890625,
2017-08,70835.0,2471.64990234375,6428.66015625,21948.099609375,68.41000366210938,75.80000305175781,81.3499984741211,3.158799886703491,3.754300117492676,1316.199951171875,47.22999954223633,52.380001068115234,936.25,342.25,128.14999389648438,2.121000051498413,2.7249999046325684,3.586940288543701,18.027925491333008,14.151327133178711,8.713781356811523,6.673269748687744,4703.39013671875,
2017-09,74294.0,2519.360107421875,6495.9599609375,22405.08984375,71.58000183105469,78.4000015258789,83.44999694824219,3.1809000968933105,3.745699882507324,1281.5,51.66999816894531,57.540000915527344,968.25,355.25,128.0500030517578,2.3259999752044678,2.8570001125335693,4.020527362823486,16.378284454345703,15.209120750427246,9.928287506103516,6.979864597320557,4338.7099609375,
2017-10,74308.0,2575.260009765625,6727.669921875,23377.240234375,71.7699966430664,77.4000015258789,88.05999755859375,3.2873001098632812,3.827899932861328,1267.0,54.380001068115234,61.369998931884766,973.75,345.75,125.0999984741211,2.375999927520752,2.875,4.406811714172363,16.49648094177246,14.758130073547363,9.7974214553833,6.959624767303467,6468.39990234375,
2017-11,71971.0,2647.580078125,6873.97021484375,24272.349609375,69.4000015258789,75.2300033569336,90.5,3.244800090789795,3.843100070953369,1273.199951171875,57.400001525878906,63.56999969482422,985.75,341.75,126.30000305175781,2.4170000553131104,2.8320000171661377,4.041548728942871,18.05876350402832,14.48954963684082,8.57215404510498,7.48290491104126,10233.599609375,447.114013671875
2017-12,76402.0,2673.610107421875,6903.39013671875,24719.220703125,73.81999969482422,80.94999694824219,93.55000305175781,3.3111000061035156,3.9511001110076904,1306.300048828125,60.41999816894531,66.5999984741211,951.75,350.75,126.19999694824219,2.4049999713897705,2.739000082015991,4.230750560760498,20.91098976135254,15.007685661315918,9.138047218322754,7.904287338256836,14156.400390625,756.7329711914062
2018-01,84913.0,2823.81005859375,7411.47998046875,26149.390625,82.0,84.19999694824219,94.30000305175781,3.179500102996826,3.944000005722046,1339.0,64.7300033569336,69.05000305175781,995.75,361.5,121.8499984741211,2.7200000286102295,2.941999912261963,5.176756381988525,21.52907943725586,18.425981521606445,11.39527702331543,7.769869804382324,10221.099609375,1118.31005859375
2018-02,85481.0,2713.830078125,7273.009765625,25029.19921875,82.5,83.6500015258789,92.5999984741211,3.248500108718872,3.9730000495910645,1315.5,61.63999938964844,65.77999877929688,1045.0,374.5,121.05000305175781,2.868000030517578,3.127000093460083,5.639247894287109,23.39891242980957,18.558547973632812,12.004097938537598,7.674797058105469,10397.900390625,855.198974609375
2018-03,85366.0,2640.8701171875,7063.4501953125,24103.109375,82.43000030517578,83.75,91.66000366210938,3.303499937057495,4.062600135803223,1322.800048828125,64.94000244140625,70.2699966430664,1044.75,387.75,118.1500015258789,2.740999937057495,2.9719998836517334,5.6261091232299805,22.172880172729492,18.906766891479492,11.8744478225708,7.4559102058410645,6973.52978515625,396.4570007324219
2018-04,86115.0,2648.050048828125,7066.27001953125,24163.150390625,83.18000030517578,85.56999969482422,97.5999984741211,3.4581000804901123,4.189599990844727,1316.199951171875,68.56999969482422,75.16999816894531,1037.75,392.5,120.6500015258789,2.936000108718872,3.0969998836517334,6.036044120788574,25.56631088256836,18.801725387573242,10.621305465698242,7.622113227844238,9240.5498046875,669.9240112304688
2018-05,76754.0,2705.27001953125,7442.1201171875,24415.83984375,74.06999969482422,76.0,107.37000274658203,3.722100019454956,4.340400218963623,1300.0999755859375,67.04000091552734,77.58999633789062,1018.5,394.0,123.69999694824219,2.822000026702881,2.9860000610351562,4.99752950668335,26.595901489257812,15.846610069274902,8.848679542541504,7.364898204803467,7494.169921875,577.64501953125
2018-06,72763.0,2718.3701171875,7510.2998046875,24271.41015625,70.3499984741211,73.19999694824219,111.0,3.859499931335449,4.462600231170654,1251.300048828125,74.1500015258789,79.44000244140625,858.5,350.25,111.5,2.8489999771118164,2.9830000400543213,4.526212692260742,26.049591064453125,14.87844181060791,8.372336387634277,6.966217517852783,6404.0,455.17999267578125
2018-07,79220.0,2816.2900390625,7671.7900390625,25415.189453125,76.44999694824219,77.0,111.58000183105469,3.728100061416626,4.362800121307373,1223.699951171875,68.76000213623047,74.25,903.75,372.25,109.9000015258789,2.9639999866485596,3.0829999446868896,5.192375183105469,28.807409286499023,16.603347778320312,9.497417449951172,7.989527702331543,7780.43994140625,433.86700439453125
2018-08,76678.0,2901.52001953125,8109.5400390625,25964.8203125,74.12000274658203,73.80000305175781,125.19999694824219,4.148600101470947,4.836699962615967,1200.300048828125,69.80000305175781,77.41999816894531,833.0,351.0,98.0999984741211,2.8529999256134033,3.009999990463257,5.083939552307129,28.978403091430664,15.878053665161133,8.877999305725098,8.261459350585938,7037.580078125,283.0039978027344
2018-09,79342.0,2913.97998046875,8046.35009765625,26458.310546875,76.61000061035156,72.5,124.0999984741211,4.01200008392334,4.665200233459473,1191.5,73.25,82.72000122070312,845.5,356.25,102.44999694824219,3.055999994277954,3.197000026702881,5.5669941902160645,32.32912826538086,16.582609176635742,8.713254928588867,8.542010307312012,6625.56005859375,232.84800720214844
2018-10,87424.0,2711.739990234375,7305.89990234375,25115.759765625,84.08000183105469,81.5,106.94999694824219,3.6946001052856445,4.189499855041504,1212.300048828125,65.30999755859375,75.47000122070312,839.0,363.25,112.69999694824219,3.1589999198913574,3.4019999504089355,7.290677070617676,30.64835548400879,18.512847900390625,12.648270606994629,7.785121440887451,6317.60986328125,197.38099670410156
2018-11,89504.0,2760.169921875,7330.5400390625,25538.4609375,86.37000274658203,85.98999786376953,112.9000015258789,3.8510000705718994,4.384699821472168,1220.199951171875,50.93000030517578,58.709999084472656,894.75,366.5,103.25,3.013000011444092,3.311000108718872,6.747320652008057,28.53523826599121,20.315807342529297,13.459549903869629,7.707274436950684,4017.2685546875,113.17141723632812
2018-12,87887.0,2506.85009765625,6635.27978515625,23327.4609375,84.5999984741211,87.05000305175781,102.69999694824219,3.8742001056671143,4.438300132751465,1278.300048828125,45.40999984741211,53.79999923706055,882.5,375.0,101.8499984741211,2.686000108718872,3.0199999809265137,6.21730899810791,27.562448501586914,20.036991119384766,14.061601638793945,7.608729839324951,3742.700439453125,133.36825561523438
2019-01,97394.0,2704.10009765625,7281.740234375,24999.669921875,94.0,95.30000305175781,104.5199966430664,3.6814000606536865,4.227700233459473,1319.699951171875,53.790000915527344,61.88999938964844,915.25,376.5,105.9000015258789,2.634999990463257,3.005000114440918,7.012290954589844,24.590030670166016,21.897563934326172,15.685836791992188,8.172659873962402,3457.792724609375,107.0610122680664
2019-02,95584.0,2784.489990234375,7532.52978515625,25916.0,93.83999633789062,94.05000305175781,110.79000091552734,3.727299928665161,4.239099979400635,1312.800048828125,57.220001220703125,66.02999877929688,897.5,362.0,95.19999694824219,2.7109999656677246,3.0829999446868896,7.418005466461182,25.454729080200195,20.891681671142578,15.476929664611816,8.025396347045898,3854.785400390625,136.74624633789062
2019-03,95415.0,2834.39990234375,7729.31982421875,25928.6796875,91.80999755859375,93.69000244140625,118.1500015258789,3.897700071334839,4.3765997886657715,1293.0,60.13999938964844,68.38999938964844,884.25,356.5,94.5,2.4140000343322754,2.822000026702881,7.692136287689209,27.524616241455078,20.42597007751465,14.94526195526123,7.862430095672607,4105.404296875,141.51409912109375
2019-04,96353.0,2945.830078125,8095.39013671875,26592.91015625,92.87999725341797,95.05000305175781,122.8499984741211,3.9442999362945557,4.40939998626709,1282.800048828125,63.90999984741211,72.80000305175781,841.25,353.25,91.8499984741211,2.509000062942505,2.940000057220459,7.43692684173584,27.07605743408203,20.078752517700195,15.239747047424316,8.115777015686035,5350.7265625,162.16603088378906
2019-05,97030.0,2752.06005859375,7453.14990234375,24815.0390625,93.58999633789062,96.80000305175781,115.05000305175781,3.9800000190734863,4.427700042724609,1305.800048828125,53.5,64.48999786376953,877.75,427.0,104.5999984741211,2.1419999599456787,2.5829999446868896,7.035538673400879,26.4815673828125,20.78240394592285,16.040586471557617,8.321076393127441,8574.501953125,268.1135559082031
2019-06,100967.0,2941.760009765625,8006.240234375,26599.9609375,97.11000061035156,103.5999984741211,119.69999694824219,3.815999984741211,4.3394999504089355,1409.699951171875,58.470001220703125,66.55000305175781,899.75,420.25,108.25,2.0,2.5280001163482666,7.54771614074707,28.00560760498047,21.539783477783203,16.741287231445312,9.330087661743164,10817.1552734375,290.69598388671875
2019-07,101812.0,2980.3798828125,8175.419921875,26864.26953125,97.9800033569336,110.25,121.11000061035156,3.789299964904785,4.225900173187256,1426.0999755859375,58.58000183105469,65.16999816894531,864.0,400.25,99.6500015258789,2.0209999084472656,2.5269999504089355,7.181482791900635,26.919326782226562,20.69293785095215,15.276350975036621,10.465470314025879,10085.6279296875,218.65414428710938
2019-08,101135.0,2926.4599609375,7962.8798828125,26403.279296875,97.61000061035156,111.5,129.0800018310547,4.168099880218506,4.6072998046875,1519.0999755859375,55.099998474121094,60.43000030517578,857.0,358.0,93.5999984741211,1.50600004196167,1.9700000286102295,7.07695198059082,24.62785530090332,20.642765045166016,14.487966537475586,9.885519981384277,9630.6640625,172.46978759765625
2019-09,104745.0,2976.739990234375,7999.33984375,26916.830078125,101.01000213623047,112.80000305175781,132.32000732421875,4.157100200653076,4.537499904632568,1465.699951171875,54.06999969482422,60.779998779296875,906.0,388.0,101.1500015258789,1.6749999523162842,2.121000051498413,7.645883083343506,25.806018829345703,21.315139770507812,14.322498321533203,10.663469314575195,8293.8681640625,179.87220764160156
2019-10,107220.0,3037.56005859375,8292.3603515625,27046.23046875,103.2300033569336,115.56999969482422,130.0,3.9862000942230225,4.443399906158447,1511.4000244140625,54.18000030517578,60.22999954223633,916.75,390.0,101.94999694824219,1.690999984741211,2.1760001182556152,8.434062004089355,25.508777618408203,22.05476188659668,15.15999698638916,11.222393989562988,9199.5849609375,183.9669189453125
2019-11,108233.0,3140.97998046875,8665.4697265625,28051.41015625,104.3499984741211,121.19999694824219,143.60000610351562,4.188000202178955,4.609399795532227,1465.5999755859375,55.16999816894531,62.43000030517578,876.75,371.25,118.55000305175781,1.7760000228881836,2.2019999027252197,8.143664360046387,27.01119613647461,21.19304084777832,15.17236614227295,13.387650489807129,7569.6298828125,152.53968811035156
2019-12,115964.0,3230.780029296875,8972.599609375,28538.439453125,111.2300033569336,136.44000244140625,138.7100067138672,4.015710830688477,4.498600006103516,1519.5,61.060001373291016,66.0,943.0,387.75,129.6999969482422,1.9190000295639038,2.3889999389648438,8.548105239868164,29.568758010864258,22.62734603881836,16.824214935302734,15.270874977111816,7193.59912109375,129.61085510253906
2020-01,113761.0,3225.52001953125,9150.9404296875,28256.029296875,108.9000015258789,136.91000366210938,148.10000610351562,4.242199897766113,4.67710018157959,1582.9000244140625,51.560001373291016,58.15999984741211,872.5,381.25,102.6500015258789,1.5199999809265137,2.015000104904175,8.058104515075684,27.887828826904297,20.025060653686523,15.460951805114746,17.36368751525879,9350.529296875,180.16017150878906
2020-02,104172.0,2954.219970703125,8567.3701171875,25409.359375,100.5999984741211,125.9000015258789,141.55999755859375,4.484799861907959,4.930799961090088,1564.0999755859375,44.7599983215332,50.52000045776367,883.5,366.5,110.0999984741211,1.1269999742507935,1.6710000038146973,7.177235126495361,24.58145523071289,20.12968635559082,15.060128211975098,19.075756072998047,8599.5087890625,219.8485107421875
2020-03,73020.0,2584.590087890625,7700.10009765625,21917.16015625,69.3499984741211,78.70999908447266,144.6199951171875,5.192699909210205,5.725100040435791,1583.4000244140625,20.479999542236328,22.739999771118164,886.0,340.75,119.55000305175781,0.6980000138282776,1.3509999513626099,3.9624903202056885,23.976764678955078,14.53164005279541,9.008600234985352,14.854500770568848,6438.64453125,133.59356689453125
2020-04,80506.0,2912.429931640625,8889.5498046875,24345.720703125,77.20999908447266,90.41999816894531,170.5,5.334799766540527,5.80079984664917,1684.199951171875,18.84000015258789,25.270000457763672,850.25,311.5,104.6500015258789,0.621999979019165,1.2660000324249268,5.112434387207031,24.886571884155273,14.339559555053711,9.205633163452148,17.67319107055664,8658.5537109375,207.60205078125
2020-05,87403.0,3044.31005859375,9489.8701171875,25383.109375,84.1500015258789,94.6500015258789,175.64999389648438,5.403600215911865,5.983799934387207,1736.9000244140625,35.4900016784668,35.33000183105469,840.75,325.75,96.30000305175781,0.6480000019073486,1.406999945640564,5.761047840118408,29.40233039855957,14.51916217803955,9.961463928222656,18.509498596191406,9461.05859375,230.9757080078125
2020-06,95056.0,3100.2900390625,10058.76953125,25812.880859375,91.62000274658203,107.80000305175781,181.72000122070312,5.402100086212158,6.073800086975098,1793.0,39.27000045776367,41.150001525878906,884.25,338.5,100.05000305175781,0.652999997138977,1.409000039100647,6.103765964508057,31.022233963012695,16.048322677612305,10.384603500366211,22.411725997924805,9137.9931640625,226.31500244140625
2020-07,102912.0,3271.1201171875,10745.26953125,26428.3203125,99.29000091552734,118.0,183.67999267578125,5.153900146484375,6.116300106048584,1962.800048828125,40.27000045776367,43.29999923706055,897.5,316.0,118.94999694824219,0.5360000133514404,1.1979999542236328,6.287994861602783,33.679534912109375,16.966367721557617,10.84649658203125,29.881540298461914,11323.466796875,345.5546569824219
2020-08,99369.0,3500.31005859375,11775.4599609375,28430.05078125,95.69999694824219,116.0,207.14999389648438,5.389999866485596,6.411399841308594,1967.5999755859375,42.61000061035156,45.279998779296875,951.25,348.5,129.8000030517578,0.6930000185966492,1.4520000219345093,6.200190544128418,33.108131408691406,14.899920463562012,10.689491271972656,28.67030143737793,11680.8203125,435.0797424316406
2020-09,94603.0,3363.0,11167.509765625,27781.69921875,91.05000305175781,110.3499984741211,203.97999572753906,5.630499839782715,6.609600067138672,1887.5,40.220001220703125,40.95000076293945,1023.5,379.0,110.94999694824219,0.6769999861717224,1.4509999752044678,5.554396152496338,34.16270065307617,14.24466609954834,9.728752136230469,29.16512107849121,10784.4912109375,359.9378662109375
2020-10,93952.0,3269.9599609375,10911.58984375,26501.599609375,90.66000366210938,107.80000305175781,202.60000610351562,5.7778000831604,6.744200229644775,1877.4000244140625,35.790000915527344,37.459999084472656,1056.5,398.5,104.4000015258789,0.8600000143051147,1.6399999856948853,5.3646240234375,34.99494934082031,14.875014305114746,9.787874221801758,33.66197204589844,13780.9951171875,386.59033203125
2020-11,108888.0,3621.6298828125,12198.740234375,29638.640625,105.0,126.69999694824219,210.0,5.34250020980835,6.389400005340576,1775.699951171875,45.34000015258789,47.59000015258789,1168.5,419.75,120.69999694824219,0.843999981880188,1.5729999542236328,7.0527520179748535,45.0802001953125,18.104856491088867,11.18565845489502,32.65871810913086,19625.8359375,614.842529296875
2020-12,119306.0,3756.070068359375,12888.2802734375,30606.48046875,115.55000305175781,135.3000030517578,210.0399932861328,5.190838813781738,6.384300231933594,1893.0999755859375,48.52000045776367,51.79999923706055,1315.25,484.0,128.25,0.9169999957084656,1.6460000276565552,8.027108192443848,50.54184341430664,20.102285385131836,12.85666561126709,33.63903045654297,29001.720703125,737.8034057617188
2021-01,116007.0,3714.239990234375,13070.6904296875,29982.619140625,110.55999755859375,130.0,220.0,5.437989234924316,6.5894999504089355,1847.300048828125,52.20000076293945,55.880001068115234,1370.0,547.0,122.94999694824219,1.093000054359436,1.8580000400543213,7.559757709503174,50.83081817626953,18.050827026367188,11.219759941101074,37.214351654052734,33114.359375,1314.9862060546875
2021-02,110035.0,3811.14990234375,13192.349609375,30932.369140625,105.58999633789062,127.16000366210938,231.0,5.528025150299072,6.722599983215332,1728.0999755859375,61.5,66.12999725341797,1405.25,555.5,136.85000610351562,1.4600000381469727,2.181999921798706,6.299325942993164,54.627952575683594,16.374929428100586,9.437249183654785,34.665000915527344,45137.76953125,1416.0489501953125
2021-03,116634.0,3972.889892578125,13246.8701171875,32981.55078125,112.0199966430664,134.14999389648438,243.1999969482422,5.771599769592285,6.763400077819824,1713.800048828125,59.15999984741211,63.540000915527344,1436.75,564.25,123.5,1.746000051498413,2.424999952316284,6.826157093048096,59.17269515991211,17.969335556030273,10.294636726379395,33.27931594848633,58918.83203125,1918.362060546875
2021-04,118894.0,4181.169921875,13962.6796875,33874.8515625,114.4000015258789,140.5,247.0,5.336400032043457,6.467899799346924,1767.300048828125,63.58000183105469,67.25,1571.0,740.0,139.9499969482422,1.63100004196167,2.3010001182556152,6.915366172790527,65.84675598144531,17.73312759399414,10.020788192749023,31.2529239654541,57750.17578125,2773.20703125
2021-05,126216.0,4204.10986328125,13748.740234375,34529.44921875,121.25,149.36000061035156,238.0,5.23799991607666,6.366000175476074,1902.5,66.31999969482422,69.62999725341797,1530.5,656.75,162.35000610351562,1.5809999704360962,2.263000011444092,7.866886138916016,69.32574462890625,19.069881439208984,11.466062545776367,30.4852237701416,37332.85546875,2714.9453125
2021-06,126802.0,4297.5,14503.9501953125,34502.51171875,121.80999755859375,150.0,232.5,4.955100059509277,5.894999980926514,1770.800048828125,73.47000122070312,75.12999725341797,1450.0,720.0,159.35000610351562,1.4429999589920044,2.065000057220459,8.616393089294434,69.75242614746094,19.247493743896484,11.053050994873047,30.092988967895508,35040.8359375,2274.547607421875
2021-07,121801.0,4395.259765625,14672.6796875,34935.46875,117.11000061035156,141.8000030517578,250.35000610351562,5.080399990081787,6.038700103759766,1812.5999755859375,73.94999694824219,76.33000183105469,1414.75,547.0,179.5500030517578,1.2389999628067017,1.8969999551773071,7.878596782684326,66.98697662353516,19.580291748046875,10.8810453414917,31.897319793701172,41626.1953125,2536.2099609375
2021-08,118781.0,4522.68017578125,15259.240234375,35360.73046875,114.08000183105469,136.3300018310547,254.0,5.1828999519348145,6.1118998527526855,1815.0,68.5,72.98999786376953,1298.75,534.0,193.4499969482422,1.3040000200271606,1.9270000457763672,8.434708595275879,60.77854537963867,20.071489334106445,10.591276168823242,31.9046573638916,47166.6875,3433.732666015625
2021-09,110979.0,4307.5400390625,14448.580078125,33843.921875,106.48999786376953,127.4000015258789,255.0,5.414299964904785,6.278500080108643,1755.300048828125,75.02999877929688,78.5199966430664,1256.0,536.75,194.0,1.5290000438690186,2.0920000076293945,8.447113037109375,51.83521270751953,18.776662826538086,10.121862411499023,35.574100494384766,43790.89453125,3001.678955078125
2021-10,103501.0,4605.3798828125,15498.3896484375,35819.55859375,99.68000030517578,111.19999694824219,283.0,5.644899845123291,6.5929999351501465,1783.0,83.56999969482422,84.37999725341797,1235.75,568.25,203.9499969482422,1.5570000410079956,1.9420000314712524,8.422295570373535,48.68729019165039,15.136914253234863,9.981766700744629,33.213260650634766,61318.95703125,4288.07421875
2021-11,101915.0,4567.0,15537.6904296875,34483.71875,98.3499984741211,108.80000305175781,280.54998779296875,5.6006999015808105,6.322299957275391,1773.5999755859375,66.18000030517578,70.56999969482422,1217.25,567.0,233.25,1.4429999589920044,1.7869999408721924,9.129582405090332,47.55866622924805,14.718782424926758,11.304770469665527,28.931446075439453,57005.42578125,4631.47900390625
2021-12,104822.0,4766.18017578125,15644.9697265625,36338.30078125,100.80000305175781,113.30000305175781,293.55999755859375,5.570199966430664,6.304900169372559,1827.5,75.20999908447266,77.77999877929688,1328.75,593.25,226.10000610351562,1.5119999647140503,1.9049999713897705,9.914302825927734,53.00462341308594,13.789175987243652,10.299093246459961,29.63189697265625,46306.4453125,3682.6328125
2022-01,112388.0,4515.5498046875,14239.8798828125,35131.859375,107.9800033569336,117.0,260.3999938964844,5.362599849700928,5.9781999588012695,1795.0,88.1500015258789,91.20999908447266,1490.5,626.0,235.10000610351562,1.781999945640564,2.0980000495910645,11.273382186889648,54.98311996459961,16.686128616333008,11.659213066101074,28.8951416015625,38483.125,2688.27880859375
2022-02,113142.0,4373.93994140625,13751.400390625,33892.6015625,108.9000015258789,111.04000091552734,245.5,5.15939998626709,5.814000129699707,1899.4000244140625,95.72000122070312,100.98999786376953,1644.25,697.5,234.25,1.8389999866485596,2.181999921798706,11.848376274108887,62.74070739746094,16.799041748046875,12.56953239440918,26.598432540893555,43193.234375,2919.201171875
2022-03,119999.0,4530.41015625,14220.51953125,34678.3515625,115.5999984741211,120.94000244140625,235.64999389648438,4.769700050354004,5.319799900054932,1949.199951171875,100.27999877929688,107.91000366210938,1618.25,748.75,226.39999389648438,2.3269999027252197,2.447999954223633,11.65671157836914,67.4968490600586,18.137327194213867,12.764524459838867,31.582496643066406,45538.67578125,3281.642822265625
2022-04,107876.0,4131.93017578125,12334.6396484375,32977.2109375,103.4000015258789,110.5999984741211,224.10000610351562,4.93779993057251,5.183700084686279,1909.300048828125,104.69000244140625,109.33999633789062,1708.25,818.25,222.5500030517578,2.88700008392334,2.947000026702881,11.543871879577637,58.80558395385742,15.76478099822998,12.220100402832031,27.262208938598633,37714.875,2730.186767578125
2022-05,111351.0,4132.14990234375,12081.3896484375,32990.12109375,107.18000030517578,109.30000305175781,214.5,4.752399921417236,5.117599964141846,1842.699951171875,114.66999816894531,122.83999633789062,1683.25,753.5,231.25,2.8440001010894775,3.056999921798706,12.77076244354248,60.867191314697266,17.289976119995117,13.710113525390625,22.9781494140625,31792.310546875,1942.3280029296875
2022-06,98542.0,3785.3798828125,11028.740234375,30775.4296875,95.0,91.33000183105469,216.6999969482422,5.1809000968933105,5.409800052642822,1804.0999755859375,105.76000213623047,114.80999755859375,1675.0,743.75,233.60000610351562,2.9719998836517334,3.11899995803833,11.865851402282715,54.05396270751953,14.993447303771973,12.590437889099121,23.995590209960938,19784.7265625,1067.298828125
2022-07,103165.0,4130.2900390625,12390.6904296875,32845.12890625,99.30000305175781,95.6500015258789,234.5,5.182700157165527,5.279699802398682,1762.9000244140625,98.62000274658203,110.01000213623047,1637.0,616.25,217.1999969482422,2.6419999599456787,2.9739999771118164,14.508368492126465,49.24587631225586,15.633917808532715,13.567346572875977,25.56861114501953,23336.896484375,1681.517333984375
2022-08,109523.0,3955.0,11816.2001953125,31510.4296875,105.83000183105469,106.80000305175781,226.0,5.1219000816345215,5.131800174713135,1712.800048828125,89.55000305175781,96.48999786376953,1507.5,673.75,239.10000610351562,3.132999897003174,3.255000114440918,17.337215423583984,47.8995246887207,17.290590286254883,16.029407501220703,25.79656982421875,20049.763671875,1553.6849365234375
2022-09,110037.0,3585.6201171875,10575.6201171875,28725.509765625,106.45999908447266,105.44000244140625,213.5,5.396200180053711,5.303100109100342,1662.4000244140625,79.48999786376953,87.95999908447266,1364.75,677.5,221.5500030517578,3.803999900817871,3.765000104904175,15.547666549682617,53.49893569946289,18.81077003479004,14.90968132019043,29.34959602355957,19431.7890625,1327.9786376953125
2022-10,116037.0,3871.97998046875,10988.150390625,32732.94921875,112.1500015258789,112.5,220.24000549316406,5.28849983215332,5.27370023727417,1635.9000244140625,86.52999877929688,94.83000183105469,1407.0,691.5,177.6999969482422,4.077000141143799,4.203999996185303,15.55288314819336,49.85263442993164,20.392274856567383,14.329086303710938,36.78288269042969,20495.7734375,1572.7144775390625
2022-11,112486.0,4080.110107421875,11468.0,34589.76953125,108.58000183105469,99.9800033569336,233.25,5.268199920654297,5.436200141906738,1746.0,80.55000305175781,85.43000030517578,1469.5,662.0,167.6999969482422,3.703000068664551,3.822000026702881,14.881147384643555,63.650665283203125,17.450889587402344,13.97507095336914,35.614009857177734,17168.56640625,1295.6885986328125
2022-12,110031.0,3839.5,10466.48046875,33147.25,105.94999694824219,96.5199966430664,225.0,5.284599781036377,5.632999897003174,1819.699951171875,80.26000213623047,85.91000366210938,1519.25,678.5,167.3000030517578,3.878999948501587,3.9749999046325684,13.675474166870117,66.22944641113281,17.123445510864258,13.899335861206055,35.2176628112793,16547.49609375,1196.771240234375
2023-01,113532.0,4076.60009765625,11584.5498046875,34086.0390625,109.83999633789062,99.44000244140625,228.1999969482422,5.1149001121521,5.547100067138672,1929.5,78.87000274658203,84.48999786376953,1538.0,679.75,181.75,3.5290000438690186,3.6610000133514404,14.551819801330566,70.42466735839844,17.361730575561523,16.28860092163086,34.97075271606445,23139.283203125,1586.535400390625
2023-02,104932.0,3970.14990234375,11455.5400390625,32656.69921875,101.1500015258789,88.36000061035156,229.3000030517578,5.199699878692627,5.513999938964844,1828.9000244140625,77.05000305175781,83.88999938964844,1490.5,629.5,190.39999389648438,3.9159998893737793,3.930999994277954,14.08852767944336,63.576683044433594,17.44242286682129,16.451637268066406,36.017822265625,23147.353515625,1605.8951416015625
2023-03,101882.0,4109.31005859375,12221.91015625,33274.1484375,98.48999786376953,87.81999969482422,229.75,5.092700004577637,5.551799774169922,1969.0,75.66999816894531,79.7699966430664,1505.5,660.5,170.5,3.49399995803833,3.688999891281128,13.089381217956543,61.14244079589844,17.175323486328125,16.114545822143555,37.34615707397461,28478.484375,1822.0220947265625
2023-04,104432.0,4169.47998046875,12226.580078125,34098.16015625,100.9000015258789,89.0,229.75,4.976200103759766,5.48829984664917,1990.0999755859375,76.77999877929688,79.54000091552734,1444.25,636.0,189.85000610351562,3.4519999027252197,3.677999973297119,14.901918411254883,55.134056091308594,18.007362365722656,17.659664154052734,37.87112045288086,29268.806640625,1876.92431640625
2023-05,108335.0,4179.830078125,12935.2900390625,32908.26953125,104.83999633789062,100.5,233.25,5.034800052642822,5.401199817657471,1963.9000244140625,68.08999633789062,72.66000366210938,1299.75,594.0,178.64999389648438,3.63700008392334,3.8559999465942383,16.42354965209961,48.59260177612305,18.304662704467773,18.38484001159668,34.63844299316406,27219.658203125,1874.1304931640625
2023-06,118087.0,4450.3798828125,13787.919921875,34407.6015625,114.16999816894531,109.5,235.25,4.855599880218506,5.273900032043457,1921.0999755859375,70.63999938964844,74.9000015258789,1557.25,554.5,161.0,3.819000005722046,3.8550000190734863,19.783554077148438,48.90481948852539,19.953872680664062,20.8570613861084,34.82285690307617,30477.251953125,1933.18896484375
2023-07,121943.0,4588.9599609375,14346.01953125,35559.53125,117.94999694824219,112.9000015258789,239.82000732421875,4.723299980163574,5.189499855041504,1970.5,81.80000305175781,85.55999755859375,1445.75,504.0,164.64999389648438,3.9590001106262207,4.019000053405762,20.84207534790039,52.6667366027832,20.120832443237305,20.34619140625,36.962589263916016,29230.111328125,1856.162353515625
2023-08,115742.0,4507.66015625,14034.9697265625,34721.91015625,112.30999755859375,104.19999694824219,247.64999389648438,4.888400077819824,5.313000202178955,1938.199951171875,83.62999725341797,86.86000061035156,1360.0,461.0,152.6999969482422,4.0929999351501465,4.203999996185303,22.21379852294922,51.05488586425781,19.282638549804688,20.232566833496094,33.22188186645508,25931.47265625,1645.63916015625
2023-09,116565.0,4288.0498046875,13219.3203125,33507.5,113.1500015258789,101.63999938964844,238.7899932861328,5.032800197601318,5.319699764251709,1848.0999755859375,90.79000091552734,95.30999755859375,1275.0,476.75,146.14999389648438,4.572999954223633,4.710999965667725,24.09160804748535,53.0161247253418,19.329513549804688,20.410903930664062,33.641178131103516,26967.916015625,1671.161865234375
2023-10,113144.0,4193.7998046875,12851.240234375,33052.87109375,109.62000274658203,94.19999694824219,234.0,5.04610013961792,5.353700160980225,1985.199951171875,81.0199966430664,87.41000366210938,1287.0,478.75,167.3000030517578,4.875,5.021999835968018,24.16115379333496,54.130096435546875,19.064834594726562,20.91706085205078,30.617460250854492,34667.78125,1816.458984375
2023-11,127331.0,4567.7998046875,14226.2197265625,35950.890625,123.56999969482422,106.3499984741211,249.6999969482422,4.904099941253662,5.362800121307373,2038.0999755859375,75.95999908447266,82.83000183105469,1342.75,461.75,195.0,4.3520002365112305,4.513000011444092,25.953664779663086,59.72247314453125,22.470348358154297,23.478160858154297,31.711931228637695,37712.74609375,2052.55615234375
2023-12,134185.0,4769.830078125,15011.349609375,37689.5390625,130.38999938964844,113.19999694824219,257.6099853515625,4.850200176239014,5.3429999351501465,2062.39990234375,71.6500015258789,77.04000091552734,1293.5,471.25,188.3000030517578,3.865999937057495,4.019000053405762,26.914915084838867,62.431617736816406,24.367918014526367,24.114316940307617,34.303287506103516,42265.1875,2281.47119140625
2024-01,127752.0,4845.64990234375,15164.009765625,38150.30078125,123.94999694824219,106.37000274658203,266.6199951171875,4.950300216674805,5.360400199890137,2048.39990234375,75.8499984741211,81.70999908447266,1222.25,448.25,194.0500030517578,3.9670000076293945,4.215000152587891,29.458959579467773,54.79749298095703,23.526506423950195,24.575794219970703,30.0560359954834,42582.60546875,2282.54443359375
2024-02,129020.0,5096.27001953125,16091.919921875,38996.390625,125.25,106.5,281.1000061035156,4.967299938201904,5.38100004196167,2045.699951171875,78.26000213623047,83.62000274658203,1128.25,415.75,195.85000610351562,4.251999855041504,4.375,29.010866165161133,54.17479705810547,25.170360565185547,25.18964195251465,34.383544921875,61198.3828125,3341.919677734375
2024-03,128106.0,5254.35009765625,16379.4599609375,39807.37109375,124.33000183105469,109.0,292.6000061035156,5.014100074768066,5.406499862670898,2217.39990234375,83.16999816894531,87.4800033569336,1191.5,442.0,188.85000610351562,4.205999851226807,4.348999977111816,27.00164031982422,51.39371109008789,25.884599685668945,24.827686309814453,35.850738525390625,71333.6484375,3647.8564453125
2024-04,125924.0,5035.68994140625,15657.8203125,37815.921875,122.37999725341797,100.5,291.0,5.117000102996826,5.479400157928467,2291.39990234375,81.93000030517578,87.86000061035156,1145.5,439.5,220.64999389648438,4.685999870300293,4.789999961853027,31.220016479492188,53.47209930419922,23.44556999206543,24.047163009643555,37.117706298828125,60636.85546875,3012.286865234375
2024-05,122098.0,5277.509765625,16735.01953125,38686.3203125,118.66000366210938,96.87000274658203,308.20001220703125,5.202099800109863,5.631100177764893,2322.89990234375,76.98999786376953,81.62000274658203,1205.0,446.25,222.35000610351562,4.513999938964844,4.6519999504089355,30.087032318115234,53.396060943603516,23.211917877197266,23.784067153930664,35.24070358276367,67491.4140625,3760.026611328125
2024-06,123907.0,5460.47998046875,17732.599609375,39118.859375,120.37999725341797,96.44999694824219,339.8299865722656,5.500500202178955,5.890900135040283,2327.699951171875,81.54000091552734,86.41000366210938,1150.5,397.25,228.9499969482422,4.3429999351501465,4.501999855041504,30.35390853881836,52.56808090209961,24.450353622436523,24.004518508911133,39.59535217285156,62678.29296875,3432.88916015625
2024-07,127652.0,5522.2998046875,17599.400390625,40842.7890625,124.04000091552734,98.5,347.70001220703125,5.611100196838379,6.069499969482422,2426.5,77.91000366210938,80.72000122070312,1028.5,382.75,229.1999969482422,4.109000205993652,4.36899995803833,29.843358993530273,52.069610595703125,25.573257446289062,23.86072540283203,47.61528396606445,64619.25,3231.295654296875
2024-08,136004.0,5648.39990234375,17713.619140625,41563.078125,132.60000610351562,102.7699966430664,354.8500061035156,5.627699851989746,6.222400188446045,2493.800048828125,73.55000305175781,78.80000305175781,982.0,378.0,248.1999969482422,3.9110000133514404,4.196000099182129,32.30074691772461,52.17647933959961,27.71628189086914,25.6903076171875,51.087867736816406,58969.8984375,2513.393798828125
2024-09,131816.0,5762.47998046875,18189.169921875,42330.1484375,128.42999267578125,97.95999908447266,349.79998779296875,5.433199882507324,6.065199851989746,2636.10009765625,68.16999816894531,71.7699966430664,1057.0,424.75,270.25,3.802000045776367,4.133999824523926,29.544069290161133,55.618133544921875,27.48885726928711,24.993974685668945,51.3785285949707,63329.5,2603.062744140625
2024-10,129713.0,5705.4501953125,18095.150390625,41763.4609375,126.26000213623047,97.25,368.5799865722656,5.76230001449585,6.252200126647949,2738.300048828125,69.26000213623047,73.16000366210938,982.5,410.75,245.89999389648438,4.283999919891357,4.4730000495910645,29.46202850341797,54.34831237792969,26.67212677001953,24.212339401245117,51.114036560058594,70215.1875,2515.79931640625
2024-11,125668.0,6032.3798828125,19218.169921875,44910.6484375,122.31999969482422,93.31999969482422,402.8500061035156,6.013899803161621,6.345178127288818,2657.0,68.0,72.94000244140625,989.5,423.0,321.6499938964844,4.177999973297119,4.366000175476074,31.915143966674805,51.475887298583984,24.841516494750977,23.213502883911133,50.95344924926758,96449.0546875,3705.705322265625
2024-12,120283.0,5881.6298828125,19310.7890625,42544.21875,117.2699966430664,85.94999694824219,407.70001220703125,6.1778998374938965,6.422607898712158,2629.199951171875,71.72000122070312,74.63999938964844,998.25,458.5,319.75,4.572999954223633,4.785999774932861,32.05187225341797,48.19790267944336,23.652780532836914,22.809951782226562,49.919921875,93429.203125,3332.53173828125
2025-01,126135.0,6040.52978515625,19627.439453125,44544.66015625,123.0,91.4000015258789,394.1499938964844,5.874499797821045,6.10128116607666,2812.5,72.52999877929688,76.76000213623047,1042.0,482.0,377.8500061035156,4.568999767303467,4.813000202178955,33.38035202026367,47.86214828491211,26.038402557373047,26.1224422454834,52.067325592041016,102405.0234375,3298.26513671875
2025-02,122799.0,5954.5,18847.279296875,43840.91015625,120.01000213623047,87.5999984741211,392.70001220703125,5.839000225067139,6.064280986785889,2836.800048828125,69.76000213623047,73.18000030517578,1011.5,453.5,379.04998779296875,4.230999946594238,4.515999794006348,31.82160186767578,48.72803497314453,25.783613204956055,25.77326202392578,45.804866790771484,84373.0078125,2237.9052734375
2025-03,130260.0,5611.85009765625,17299.2890625,42001.76171875,127.30000305175781,93.41999816894531,358.70001220703125,5.7581000328063965,6.226650238037109,3122.800048828125,71.4800033569336,74.73999786376953,1014.75,457.25,379.75,4.245999813079834,4.61299991607666,32.910953521728516,52.05281066894531,27.906768798828125,27.232912063598633,43.176692962646484,82548.9140625,1823.47998046875
2025-04,135067.0,5569.06005859375,17446.33984375,40669.359375,131.6300048828125,101.5,354.3500061035156,5.619999885559082,6.393861770629883,3305.0,58.209999084472656,63.119998931884766,1034.75,467.25,413.6000061035156,4.177000045776367,4.681000232696533,27.21765899658203,48.52754211425781,31.629453659057617,27.947790145874023,42.566429138183594,94207.3125,1793.775390625
2025-05,137027.0,5911.68994140625,19113.76953125,42270.0703125,133.99000549316406,107.63999938964844,378.79998779296875,5.66510009765625,6.439149856567383,3288.89990234375,60.790000915527344,63.900001525878906,1041.75,444.0,342.45001220703125,4.415999889373779,4.928999900817871,28.043535232543945,47.829830169677734,33.290557861328125,22.624858856201172,40.3828010559082,104638.09375,2529.08740234375
2025-06,138855.0,6204.9501953125,20369.73046875,44094.76953125,135.85000610351562,109.02999877929688,377.8500061035156,5.478400230407715,6.418485164642334,3294.39990234375,65.11000061035156,67.61000061035156,1024.25,420.5,306.75,4.230000019073486,4.7789998054504395,29.337352752685547,48.334754943847656,33.18381118774414,21.736560821533203,40.88517761230469,107135.3359375,2486.46435546875
2025-07,133071.0,6339.39013671875,21122.44921875,44130.98046875,129.8800048828125,101.91999816894531,398.010009765625,5.575399875640869,6.365372180938721,3293.199951171875,69.26000213623047,72.52999877929688,961.75,394.0,295.79998779296875,4.360000133514404,4.886000156402588,30.515335083007812,49.078365325927734,31.591346740722656,19.384801864624023,35.635231018066406,115758.203125,3696.707763671875
2025-08,141422.0,6460.259765625,21455.55078125,45544.87890625,138.5,107.43000030517578,393.8500061035156,5.413000106811523,6.317119121551514,3473.699951171875,64.01000213623047,68.12000274658203,1036.75,398.0,396.8500061035156,4.2270002365112305,4.916999816894531,29.73519515991211,52.79607009887695,34.93696212768555,21.047761917114258,36.16337203979492,108236.7109375,4390.01904296875
2025-09,146237.0,6688.4599609375,22660.009765625,46397.890625,143.24000549316406,109.66999816894531,399.79998779296875,5.321700096130371,6.238303184509277,3840.800048828125,62.369998931884766,67.0199966430664,1001.75,415.5,374.8500061035156,4.1479997634887695,4.73199987411499,30.079395294189453,54.715579986572266,35.47969055175781,21.736560821533203,35.242862701416016,114056.0859375,4145.95751953125
2025-10,149540.0,6840.2001953125,23724.9609375,47562.87109375,146.41000366210938,110.05999755859375,413.3299865722656,5.381999969482422,6.222774982452393,3982.199951171875,60.97999954223633,65.06999969482422,1099.75,431.5,392.04998779296875,4.10099983215332,4.670000076293945,28.444438934326172,62.013526916503906,35.83187484741211,21.54960060119629,40.55000305175781,109556.1640625,3847.080322265625
2025-11,159072.0,6849.08984375,23365.689453125,47716.421875,155.85000610351562,116.48999786376953,411.0899963378906,5.355400085449219,6.207324981689453,4218.2998046875,58.54999923706055,63.20000076293945,1137.75,435.5,413.0,4.017000198364258,4.664999961853027,30.394914627075195,64.04706573486328,37.84754943847656,22.11048126220703,42.620845794677734,90394.3125,2992.112548828125
2025-12,161125.0,6845.5,23241.990234375,48063.2890625,158.0,112.44999694824219,424.20001220703125,5.476200103759766,6.426734924316406,4325.60009765625,57.41999816894531,60.849998474121094,1030.5,440.25,348.75,4.163000106811523,4.840000152587891,30.398120880126953,71.95999908447266,38.8436393737793,21.683256149291992,48.40432357788086,87508.828125,2967.03759765625
2026-01,181364.0,6939.02978515625,23461.8203125,48892.46875,178.1999969482422,123.80000305175781,410.6499938964844,5.189199924468994,6.203474044799805,4713.89990234375,65.20999908447266,70.69000244140625,1064.25,428.25,332.25,4.241000175476074,4.872000217437744,37.24312210083008,84.31999969482422,45.072776794433594,24.947614669799805,51.60733413696289,78621.1171875,2445.091796875
2026-02,188787.0,6878.8798828125,22668.2109375,48977.921875,185.16000366210938,126.37999725341797,396.75,5.136600017547607,6.056934833526611,5230.5,67.0199966430664,72.4800033569336,1157.25,438.75,284.6000061035156,3.9619998931884766,4.632999897003174,38.79163360595703,88.47000122070312,46.35927963256836,26.879858016967773,49.591732025146484,66995.859375,1965.050537109375
2026-03,187462.0,6528.52001953125,21590.630859375,46341.51171875,184.27999877929688,120.0,380.1499938964844,5.263999938964844,6.027728080749512,4647.60009765625,101.37999725341797,118.3499984741211,1171.0,457.75,298.3500061035156,4.310999870300293,4.890999794006348,48.003780364990234,82.4800033569336,43.46181869506836,23.0,51.0099983215332,68233.3125,2104.708251953125
2026-04,188619.0,7138.7998046875,24663.80078125,49141.9296875,185.16000366210938,116.11000061035156,400.1499938964844,4.975800037384033,5.821499824523926,4583.89990234375,101.80999755859375,106.16999816894531,1193.75,476.25,306.3999938964844,4.354000091552734,4.943999767303467,47.52000045776367,84.38999938964844,44.099998474121094,22.540000915527344,47.290000915527344,77036.1796875,2324.719970703125
