date,selic_diaria,selic_acumulada_mes,selic_anualizada_252,dolar_venda,dolar_compra,ipca,ipca_monitorados,ipca_livres,ipca_servicos,ibc_br_sem_ajuste,ibc_br_com_ajuste,ibc_br_industria_sem_ajuste,ibc_br_industria_com_ajuste,ibc_br_servicos_sem_ajuste,ibc_br_servicos_com_ajuste,taxa_desocupacao,pessoas_idade_trabalhar,forca_trabalho,ocupadas,desocupadas,rendimento_real_habitual,credito_total,credito_livre_pf_total,comprometimento_renda_familias,endividamento_familias
2017-01,0.049115,1.09,13.172727272727274,3.127,3.1264,0.38,0.8,0.25,0.37,89.90485,93.42402,93.88466,98.59235,90.40595,92.26263,12.7,162249.0,101669.0,88798.0,12871.0,3185.0,3085111.0,811156.0,27.65,44.67
2017-02,0.047865,0.87,12.816666666666668,3.0993,3.0987,0.33,0.58,0.25,0.84,90.44495,94.53745,91.9147,99.47002,88.17817,92.47386,13.3,162390.0,101783.0,88282.0,13501.0,3197.0,3082132.0,807385.0,27.38,44.54
2017-03,0.045513000000000005,1.05,12.15,3.1684,3.1678,0.25,0.48,0.18,0.34,99.01743,94.6249,101.7575,99.71722,93.26387,92.4439,13.9,162530.0,102010.0,87880.0,14130.0,3211.0,3089526.0,811955.0,27.67,44.54
2017-04,0.04353744444444444,0.79,11.594444444444445,3.1984,3.1978,0.14,-0.6,0.37,0.49,93.36953,94.48351,93.27864,98.97818,89.94231,92.77351,13.7,162656.0,102168.0,88171.0,13998.0,3191.0,3081488.0,808443.0,27.54,44.32
2017-05,0.041957,0.93,11.15,3.2437,3.2431,0.31,1.56,-0.08,0.05,94.65314,94.2596,101.42681,99.13444,93.58601,92.93781,13.4,162796.0,102332.0,88615.0,13717.0,3180.0,3075475.0,816474.0,27.34,44.41
2017-06,0.03837,0.81,10.15,3.3082,3.3076,-0.23,-0.83,-0.04,0.43,94.31919,94.8732,99.75216,99.9679,93.55391,93.81369,13.1,162930.0,102588.0,89163.0,13425.0,3173.0,3088141.0,820255.0,27.16,44.42
2017-07,0.03785271428571429,0.8,10.007142857142858,3.1307,3.1301,0.24,1.28,-0.09,0.34,96.53844,94.91247,101.85566,99.43161,94.26027,93.93641,12.9,163069.0,102788.0,89535.0,13253.0,3173.0,3062988.0,825413.0,27.04,44.47
2017-08,0.034749,0.8,9.15,3.1471,3.1465,0.19,1.73,-0.32,0.01,97.75207,94.65483,106.93703,99.66837,95.55361,93.41919,12.7,163199.0,102966.0,89928.0,13039.0,3170.0,3061725.0,830701.0,26.97,44.48
2017-09,0.0318266,0.64,8.35,3.168,3.1674,0.16,0.24,0.14,0.5,94.18206,94.65603,102.46728,99.78484,93.75555,93.35895,12.5,163330.0,103070.0,90176.0,12894.0,3183.0,3061845.0,830585.0,26.96,44.32
2017-10,0.030569714285714283,0.64,8.007142857142858,3.2769,3.2763,0.42,0.98,0.24,0.37,95.01828,94.86046,105.42677,100.46705,94.8961,93.66464,12.3,163461.0,103166.0,90484.0,12682.0,3191.0,3066751.0,840111.0,26.73,44.39
2017-11,0.028333000000000004,0.57,7.4,3.2616,3.261,0.28,1.32,-0.07,0.12,94.53863,95.04777,102.85642,100.70644,94.6222,93.73701,12.1,163586.0,103415.0,90882.0,12533.0,3203.0,3078605.0,851343.0,26.73,44.52
2017-12,0.026851400000000004,0.54,7.0,3.308,3.3074,0.44,0.21,0.52,0.6,95.0903,96.18777,93.47548,101.87238,96.39771,94.41382,11.9,163716.0,103345.0,91066.0,12279.0,3199.0,3103339.0,855304.0,26.61,44.35
2018-01,0.026481,0.58,6.9,3.1624,3.1618,0.29,0.2,0.32,0.16,92.28505,95.82608,96.81648,101.50262,92.08344,93.98647,12.3,163841.0,103352.0,90684.0,12668.0,3215.0,3076843.0,861962.0,26.59,44.44
2018-02,0.025810055555555555,0.47,6.719444444444445,3.2449,3.2443,0.32,0.55,0.24,0.74,90.82769,95.4541,92.28086,100.87564,89.08384,93.87263,12.7,163970.0,103236.0,90133.0,13102.0,3224.0,3070208.0,858537.0,26.58,44.36
2018-03,0.025285714285714283,0.53,6.578571428571429,3.3238,3.3232,0.09,0.23,0.04,0.08,98.72895,95.47645,101.02904,101.24531,93.89018,93.99402,13.2,164099.0,103362.0,89691.0,13671.0,3232.0,3090092.0,864084.0,26.72,44.34
2018-04,0.024620000000000003,0.52,6.4,3.4811,3.4805,0.22,0.6,0.09,0.03,97.03901,96.01352,99.91639,103.0431,93.09574,94.50185,13.0,164214.0,103245.0,89844.0,13401.0,3238.0,3099540.0,871814.0,26.89,44.49
2018-05,0.024620000000000003,0.52,6.4,3.737,3.7364,0.4,1.37,0.07,-0.09,92.31211,93.06151,95.95467,95.24077,92.06451,92.32372,12.8,164342.0,103165.0,89951.0,13214.0,3243.0,3113095.0,880161.0,26.94,44.71
2018-06,0.024620000000000003,0.52,6.4,3.8558,3.8552,1.26,2.49,0.83,0.26,95.72044,95.76894,100.61215,99.86078,94.44771,94.37272,12.6,164466.0,103160.0,90212.0,12948.0,3232.0,3134300.0,884647.0,27.36,44.78
2018-07,0.02462,0.54,6.4,3.7549,3.7543,0.33,0.89,0.13,0.68,98.43305,96.07644,104.07462,100.81518,95.51614,94.56878,12.4,164593.0,103491.0,90632.0,12860.0,3224.0,3129787.0,892986.0,26.98,44.82
2018-08,0.02462,0.57,6.4,4.1353,4.1347,-0.09,0.12,-0.16,-0.16,100.01927,96.82321,108.08596,100.24051,97.57018,95.50719,12.2,164715.0,103785.0,91073.0,12712.0,3237.0,3161546.0,905277.0,26.98,45.08
2018-09,0.02462,0.47,6.4,4.0039,4.0033,0.48,0.96,0.31,0.4,94.84661,96.29736,101.42967,100.0593,94.47082,94.82371,12.0,164841.0,104102.0,91607.0,12495.0,3227.0,3176862.0,905658.0,26.93,45.1
2018-10,0.02462,0.54,6.4,3.7177,3.7171,0.45,0.54,0.41,0.17,97.74763,96.61507,107.81808,100.81539,96.6557,94.63068,11.8,164967.0,104333.0,91973.0,12361.0,3227.0,3172201.0,919504.0,27.02,45.4
2018-11,0.02462,0.49,6.4,3.8633,3.8627,-0.21,-1.0,0.07,0.41,96.34561,96.90154,103.51383,101.30154,95.7469,94.72821,11.7,165088.0,104466.0,92247.0,12219.0,3226.0,3210680.0,942140.0,27.12,45.85
2018-12,0.02462,0.49,6.4,3.8748,3.8742,0.15,-0.89,0.52,0.62,95.54018,97.04757,92.44318,100.6901,96.98677,95.25775,11.7,165213.0,104367.0,92152.0,12215.0,3243.0,3263335.0,954336.0,27.48,46.06
2019-01,0.02462,0.54,6.4,3.6519,3.6513,0.32,0.05,0.41,0.51,93.18293,96.96245,97.19334,101.80693,93.04325,95.19373,12.2,165333.0,104344.0,91658.0,12686.0,3264.0,3235610.0,964875.0,27.64,46.3
2019-02,0.02462,0.49,6.4,3.7385,3.7379,0.43,0.29,0.48,0.39,93.75182,96.40998,94.79658,100.74332,91.70169,95.14235,12.5,165457.0,104327.0,91237.0,13090.0,3277.0,3246698.0,969103.0,27.73,46.43
2019-03,0.02462,0.47,6.4,3.8967,3.8961,0.75,0.75,0.75,0.33,97.03415,95.81321,96.27644,100.01195,93.11434,94.81249,12.8,165581.0,104641.0,91203.0,13439.0,3264.0,3272242.0,978556.0,27.61,46.56
2019-04,0.024620000000000003,0.52,6.4,3.9453,3.9447,0.57,1.03,0.42,0.32,97.42486,95.77778,97.34536,99.87428,94.00017,95.08445,12.6,165692.0,105015.0,91773.0,13242.0,3247.0,3271867.0,992769.0,27.71,46.79
2019-05,0.02462,0.54,6.4,3.9407,3.9401,0.13,1.16,-0.23,-0.11,97.38199,97.11612,102.98926,100.50787,95.95218,95.4758,12.4,165815.0,105341.0,92293.0,13049.0,3222.0,3291074.0,1009374.0,27.99,47.14
2019-06,0.02462,0.47,6.4,3.8322,3.8316,0.01,-0.19,0.08,0.34,94.46187,96.60028,97.0563,99.8216,93.87845,95.27481,12.1,165934.0,105460.0,92662.0,12797.0,3219.0,3301500.0,1016608.0,28.89,47.36
2019-07,0.02462,0.57,6.4,3.7649,3.7643,0.19,0.4,0.11,0.46,99.98596,96.39897,103.71996,98.5399,97.08697,95.32902,11.9,166056.0,105476.0,92875.0,12600.0,3210.0,3296089.0,1033367.0,28.76,47.59
2019-08,0.022751,0.5,5.9,4.1385,4.1379,0.11,0.6,-0.06,0.07,99.30194,96.63398,106.31445,99.13929,97.09878,95.42797,11.9,166176.0,105584.0,92972.0,12612.0,3223.0,3332876.0,1048878.0,29.01,47.88
2019-09,0.022035190476190476,0.46,5.70952380952381,4.1644,4.1638,-0.04,0.12,-0.1,0.05,96.56002,96.95598,102.90072,99.71997,95.99197,95.42501,11.9,166301.0,105771.0,93191.0,12581.0,3226.0,3368627.0,1060473.0,28.91,48.07
2019-10,0.02078995652173913,0.48,5.378260869565217,4.0041,4.0035,0.1,-0.11,0.18,0.19,99.88081,98.09123,108.97325,100.705,98.69295,96.0281,11.7,166426.0,105922.0,93479.0,12443.0,3247.0,3380207.0,1076075.0,29.12,48.41
2019-11,0.018985,0.38,4.9,4.224,4.2234,0.51,0.97,0.35,0.2,97.26186,97.92914,102.67412,100.49597,97.08988,95.98723,11.3,166546.0,105759.0,93828.0,11931.0,3260.0,3423180.0,1091609.0,29.16,48.73
2019-12,0.017811285714285714,0.37,4.590476190476191,4.0307,4.0301,1.15,0.35,1.43,0.73,96.42316,97.51674,92.05117,99.86998,98.18326,95.72199,11.1,166670.0,105617.0,93920.0,11698.0,3249.0,3475816.0,1111976.0,28.9,48.82
2020-01,0.017089,0.38,4.4,4.2695,4.2689,0.21,0.51,0.11,0.28,93.56467,97.61698,95.0715,99.96646,93.85866,96.08623,11.3,166790.0,105497.0,93524.0,11973.0,3260.0,3465204.0,1124016.0,28.67,48.91
2020-02,0.016295666666666667,0.29,4.191666666666666,4.4987,4.4981,0.25,-0.28,0.43,0.68,94.02127,97.75526,94.30572,101.1245,91.73312,96.22889,11.7,166913.0,105468.0,93076.0,12392.0,3268.0,3484597.0,1128787.0,29.04,49.05
2020-03,0.015355636363636361,0.34,3.9454545454545453,5.1987,5.1981,0.07,-0.22,0.17,-0.14,95.2606,91.2801,94.27248,94.80103,91.29957,90.98822,12.4,167036.0,104448.0,91523.0,12925.0,3295.0,3583277.0,1129575.0,30.12,49.4
2020-04,0.014227,0.28,3.65,5.427,5.4264,-0.31,-2.06,0.31,0.25,83.69415,82.96529,77.30537,80.12411,82.84684,84.70745,12.7,167151.0,101515.0,88585.0,12930.0,3335.0,3584114.0,1105431.0,30.46,49.18
2020-05,0.0117773,0.24,3.0125,5.4263,5.4257,-0.38,-1.02,-0.16,-0.45,84.23727,85.49151,83.45838,83.62221,84.82222,85.5219,13.1,167273.0,98076.0,85226.0,12850.0,3393.0,3596217.0,1099272.0,29.87,49.21
2020-06,0.010100857142857142,0.21,2.5785714285714283,5.476,5.4754,0.26,0.89,0.04,-0.26,88.85641,89.37391,89.84632,90.52032,88.32247,88.40728,13.6,167391.0,95589.0,82610.0,12979.0,3445.0,3623349.0,1106100.0,28.81,49.38
2020-07,0.008442,0.19,2.15,5.2033,5.2027,0.36,1.23,0.06,-0.1,95.42899,91.74601,101.78818,96.05794,91.51554,89.80951,14.1,167513.0,94612.0,81285.0,13327.0,3485.0,3670793.0,1117570.0,28.68,50.18
2020-08,0.007607999999999999,0.16,1.9357142857142857,5.4713,5.4707,0.24,0.78,0.06,-0.47,94.95091,93.50575,103.46001,98.17323,91.89781,91.04272,14.8,167628.0,95172.0,81129.0,14043.0,3482.0,3742633.0,1134704.0,29.33,51.11
2020-09,0.007468999999999999,0.16,1.9,5.6407,5.6401,0.64,0.13,0.81,0.17,95.78315,95.3682,104.82405,100.19391,93.60604,92.45822,14.9,167744.0,96267.0,81954.0,14313.0,3485.0,3821510.0,1152851.0,30.1,52.22
2020-10,0.007468999999999999,0.16,1.9,5.7718,5.7712,0.86,0.23,1.08,0.55,97.82271,97.31518,108.68725,101.59725,95.65983,93.93017,14.6,167860.0,98046.0,83767.0,14279.0,3434.0,3879416.0,1175274.0,30.32,53.39
2020-11,0.007469000000000001,0.15,1.9,5.3317,5.3311,0.89,0.41,1.06,0.39,96.62637,97.52276,102.4381,100.37876,95.59377,94.52618,14.3,167971.0,99260.0,85025.0,14235.0,3399.0,3957987.0,1209351.0,30.84,54.99
2020-12,0.007469,0.16,1.9,5.1967,5.1961,1.35,2.04,1.11,0.83,97.50542,97.63989,96.83369,102.97129,97.61283,94.49402,14.2,168086.0,99804.0,85669.0,14135.0,3350.0,4021333.0,1228766.0,31.24,56.45
2021-01,0.007469000000000001,0.15,1.9,5.4759,5.4753,0.25,-0.29,0.44,0.07,91.88341,97.80906,96.85115,104.96427,91.46228,94.95233,14.4,168197.0,100114.0,85648.0,14466.0,3333.0,4018486.0,1233473.0,31.03,57.07
2021-02,0.007469,0.13,1.8999999999999997,5.5302,5.5296,0.86,1.69,0.57,0.55,94.06464,98.7304,94.26005,103.64234,90.34473,95.47646,14.6,168312.0,100357.0,85709.0,14648.0,3299.0,4045800.0,1241099.0,30.41,57.54
2021-03,0.008734217391304347,0.2,2.226086956521739,5.6973,5.6967,0.93,2.81,0.28,0.12,101.09039,95.32833,101.32917,100.19776,93.80241,92.71117,14.9,168426.0,100476.0,85497.0,14979.0,3311.0,4106923.0,1254077.0,30.46,57.99
2021-04,0.010379,0.21,2.65,5.4036,5.403,0.31,0.38,0.28,0.05,97.40195,96.34089,95.96192,99.72103,92.22676,94.12384,14.8,168528.0,100795.0,85880.0,14915.0,3271.0,4127515.0,1269101.0,29.96,58.27
2021-05,0.012856142857142856,0.27,3.2928571428571423,5.2322,5.2316,0.83,2.11,0.37,-0.15,96.01473,97.02522,100.34163,99.9154,94.85316,95.33533,14.7,168642.0,101491.0,86536.0,14955.0,3261.0,4177240.0,1296883.0,30.69,59.26
2021-06,0.014634714285714284,0.31,3.7571428571428576,5.0022,5.0016,0.53,0.81,0.43,0.23,96.4674,96.75584,98.54249,98.97673,95.98404,95.94343,14.2,168751.0,102315.0,87743.0,14572.0,3208.0,4214012.0,1318772.0,30.14,59.55
2021-07,0.016137,0.36,4.15,5.1216,5.121,0.96,1.68,0.69,0.67,99.8352,96.42565,102.88855,97.64007,97.38077,95.8714,13.7,168864.0,103150.0,88992.0,14157.0,3186.0,4271865.0,1342740.0,29.94,59.17
2021-08,0.019412772727272726,0.43,5.013636363636365,5.1433,5.1427,0.87,0.95,0.85,0.39,99.19351,97.02202,105.42076,99.31045,97.50405,95.92454,13.2,168974.0,103667.0,90033.0,13634.0,3140.0,4346060.0,1374948.0,30.15,59.9
2021-09,0.021003428571428572,0.44,5.435714285714286,5.4394,5.4388,1.16,1.93,0.88,0.63,97.10777,96.96513,103.99854,98.89,96.74302,95.82333,12.7,169089.0,104483.0,91265.0,13218.0,3084.0,4441056.0,1406169.0,,
2021-10,0.0242439,0.49,6.3,5.643,5.6424,1.25,1.35,1.21,1.04,96.53041,97.48671,101.94409,97.04942,97.19831,96.41037,12.1,169203.0,104904.0,92230.0,12675.0,3041.0,4511956.0,1440803.0,,
2021-11,0.029255999999999997,0.59,7.65,5.6199,5.6193,0.95,2.3,0.44,0.27,97.85277,99.05526,100.62178,98.7998,98.91355,97.90666,11.6,169314.0,105368.0,93184.0,12183.0,3005.0,4597507.0,1485103.0,,
2021-12,0.03331604347826087,0.77,8.758695652173914,5.5805,5.5799,0.73,0.05,0.98,0.79,99.32258,99.37716,94.82519,99.94808,101.81159,98.31431,11.1,169428.0,105781.0,93988.0,11793.0,2982.0,4682852.0,1511016.0,,
2022-01,0.034749,0.73,9.15,5.3574,5.3568,0.54,-0.35,0.87,0.39,91.67776,97.4213,91.68929,99.11595,94.1403,97.47004,11.2,169538.0,105504.0,93679.0,11824.0,3011.0,4682131.0,1525461.0,,
2022-02,0.03959757894736843,0.76,10.492105263157894,5.1394,5.1388,1.01,0.12,1.34,1.36,95.63729,98.4804,92.19338,99.09216,93.96504,98.04639,11.2,169651.0,105281.0,93490.0,11791.0,3019.0,4727818.0,1535322.0,,
2022-03,0.041953500000000005,0.93,11.15,4.7378,4.7372,1.62,2.65,1.24,0.45,104.53237,99.54802,100.28587,101.12136,98.90313,98.88015,11.1,169764.0,105248.0,93523.0,11725.0,3035.0,4794583.0,1566329.0,,
2022-04,0.043739,0.83,11.65,4.9191,4.9185,1.06,0.55,1.24,0.66,100.22938,99.44118,96.32026,100.9647,96.43555,98.86952,10.5,169866.0,105866.0,94729.0,11137.0,3024.0,4833732.0,1594745.0,,
2022-05,0.04679627272727272,1.03,12.513636363636364,4.7289,4.7283,0.47,-0.51,0.83,0.85,99.74383,99.6454,101.69329,99.6841,99.57408,99.21443,9.8,169978.0,106143.0,95709.0,10434.0,3034.0,4889397.0,1626279.0,,
2022-06,0.048116142857142864,1.02,12.88809523809524,5.238,5.2374,0.67,0.48,0.74,0.9,99.31653,99.51048,99.71946,99.52429,99.60078,99.5759,9.3,170087.0,106340.0,96445.0,9895.0,3053.0,4965603.0,1645526.0,,
2022-07,0.049037,1.03,13.150000000000002,5.1884,5.1878,-0.68,-4.35,0.65,0.8,103.95991,101.43172,104.34619,100.70253,101.82962,100.92988,9.1,170199.0,106533.0,96833.0,9700.0,3088.0,4999244.0,1666145.0,,
2022-08,0.050559608695652174,1.17,13.584782608695651,5.179,5.1784,-0.36,-2.55,0.39,0.28,104.51156,101.10583,107.99822,99.89651,103.94291,101.39732,8.9,170309.0,106685.0,97179.0,9506.0,3118.0,5072711.0,1689513.0,,
2022-09,0.050788,1.07,13.650000000000002,5.4066,5.406,-0.29,-1.21,0.02,0.4,101.1889,101.16034,104.67834,99.7837,102.79266,101.55245,8.7,170426.0,106708.0,97435.0,9273.0,3160.0,5164775.0,1707991.0,,
2022-10,0.050788,1.02,13.65,5.257,5.2564,0.59,0.18,0.73,0.67,100.08177,101.44171,104.96129,100.59999,102.37854,101.54994,8.3,170543.0,106663.0,97821.0,8841.0,3184.0,5215990.0,1739579.0,,
2022-11,0.050788,1.02,13.65,5.2941,5.2935,0.41,1.0,0.21,0.13,99.15032,100.7146,101.44108,99.86469,101.95967,101.09128,8.1,170656.0,106415.0,97843.0,8572.0,3216.0,5285657.0,1763714.0,,
2022-12,0.05078799999999999,1.12,13.65,5.2177,5.2171,0.62,0.27,0.74,0.44,99.97037,100.58818,94.67335,99.90711,104.47771,101.14695,7.9,170772.0,105927.0,97517.0,8410.0,3223.0,5366069.0,1774592.0,,
2023-01,0.05078799999999999,1.12,13.65,5.0993,5.0987,0.53,0.72,0.46,0.6,95.09953,100.10988,93.01285,99.29422,97.74714,100.35361,8.4,170885.0,105612.0,96788.0,8823.0,3237.0,5373231.0,1793873.0,,
2023-02,0.050788,0.92,13.65,5.2078,5.2072,0.84,0.84,0.84,1.41,98.64798,103.07987,91.51557,100.76932,95.75539,101.21941,8.6,171000.0,105321.0,96274.0,9047.0,3238.0,5370950.0,1793773.0,,
2023-03,0.050788,1.17,13.65,5.0804,5.0798,0.71,2.33,0.17,0.25,110.61922,103.08494,101.88862,99.92786,102.83164,101.48835,8.8,171116.0,105225.0,95978.0,9247.0,3247.0,5424811.0,1809985.0,,
2023-04,0.050788,0.92,13.65,5.0007,5.0001,0.61,0.86,0.52,0.52,104.04095,103.93573,94.66149,100.55312,98.58403,101.83411,8.5,171220.0,105092.0,96176.0,8916.0,3232.0,5426307.0,1818303.0,,
2023-05,0.05078799999999999,1.12,13.65,5.0959,5.0953,0.23,0.71,0.07,-0.06,102.71375,102.42973,103.86068,101.50909,102.41425,102.01865,8.3,171334.0,105301.0,96535.0,8767.0,3228.0,5453708.0,1842198.0,,
2023-06,0.050788,1.07,13.650000000000002,4.8192,4.8186,-0.08,0.06,-0.12,0.62,102.28352,102.39935,102.05019,101.53076,102.64586,102.48998,8.0,171445.0,105505.0,97038.0,8468.0,3242.0,5479459.0,1832115.0,,
2023-07,0.050788,1.07,13.650000000000002,4.7415,4.7409,0.12,0.46,0.01,0.25,105.34474,102.90686,104.88954,101.33107,103.52312,102.65453,7.9,171559.0,105808.0,97463.0,8345.0,3260.0,5484871.0,1840704.0,,
2023-08,0.04918926086956521,1.14,13.193478260869565,4.9219,4.9213,0.23,1.26,-0.12,0.08,106.05687,102.50239,108.45877,100.01381,105.74209,103.00634,7.8,171669.0,106000.0,97760.0,8240.0,3268.0,5559063.0,1862553.0,,
2023-09,0.0484217,0.97,12.975,5.0076,5.007,0.26,1.11,-0.04,0.5,101.75897,102.5153,104.89026,101.10445,103.32648,102.5256,7.7,171782.0,106087.0,97938.0,8150.0,3301.0,5625945.0,1864531.0,,
2023-10,0.047279,1.0,12.650000000000002,5.0575,5.0569,0.24,-0.03,0.34,0.59,101.9338,102.83959,106.27517,101.63087,103.95682,102.58797,7.6,171894.0,106396.0,98302.0,8094.0,3311.0,5653808.0,1885845.0,,
2023-11,0.0456013,0.92,12.175,4.9355,4.9349,0.28,0.16,0.31,0.7,101.68042,103.59456,103.21272,101.87064,104.29692,103.59281,7.5,172003.0,106635.0,98599.0,8037.0,3339.0,5711103.0,1910673.0,,
2023-12,0.0445373,0.89,11.875,4.8413,4.8407,0.56,0.31,0.65,0.6,101.68469,104.88818,95.66482,104.60026,106.32739,104.63541,7.4,172115.0,106988.0,99062.0,7926.0,3324.0,5805157.0,1922367.0,,
2024-01,0.043739,0.97,11.65,4.9535,4.9529,0.42,0.19,0.5,0.02,99.29718,104.473,96.17699,102.52385,102.03151,104.72347,7.6,172223.0,106809.0,98677.0,8133.0,3361.0,5794707.0,1947518.0,,
2024-02,0.041957,0.8,11.15,4.9833,4.9827,0.83,0.88,0.81,1.06,102.15036,104.65885,95.69761,101.99243,100.70951,105.20359,7.8,172334.0,106708.0,98334.0,8374.0,3375.0,5815954.0,1953857.0,,
2024-03,0.0414203,0.83,11.0,4.9962,4.9956,0.16,0.25,0.14,0.1,109.56901,104.6738,99.90904,102.14962,105.0307,105.72104,7.9,172445.0,106743.0,98290.0,8453.0,3370.0,5899742.0,1969433.0,,
2024-04,0.040168,0.89,10.65,5.1718,5.1712,0.38,0.74,0.26,0.05,109.2572,104.62771,101.6955,101.96154,105.33531,105.52444,7.5,172548.0,106923.0,98877.0,8046.0,3381.0,5915538.0,1989763.0,,
2024-05,0.039483809523809525,0.83,10.45952380952381,5.2416,5.241,0.46,0.55,0.42,0.4,104.71213,105.60427,103.86278,102.85497,104.92663,105.40958,7.1,172658.0,107016.0,99393.0,7623.0,3398.0,5953960.0,2008616.0,,
2024-06,0.03927,0.79,10.4,5.5589,5.5583,0.21,0.33,0.16,0.04,105.86915,106.5891,104.22441,104.18449,106.13516,106.44047,6.9,172765.0,107272.0,99883.0,7388.0,3420.0,6041898.0,2024407.0,,
2024-07,0.03927,0.91,10.4,5.6621,5.6615,0.38,1.08,0.14,0.75,111.509,107.06237,110.59819,104.5025,109.24544,106.85728,6.8,172874.0,107360.0,100081.0,7279.0,3405.0,6069205.0,2052490.0,,
2024-08,0.03927,0.87,10.4,5.6562,5.6556,-0.02,-0.12,0.02,0.24,110.06254,107.19174,112.57718,104.42263,109.29051,107.02478,6.6,172982.0,107687.0,100559.0,7128.0,3423.0,6135298.0,2071804.0,,
2024-09,0.03961209523809524,0.84,10.495238095238095,5.4481,5.4475,0.44,1.01,0.24,0.15,107.07852,108.04382,108.48426,104.9083,108.62428,107.74738,6.4,173095.0,107912.0,101058.0,6854.0,3413.0,6216528.0,2087763.0,,
2024-10,0.040168,0.93,10.65,5.7779,5.7773,0.56,0.71,0.5,0.35,109.18379,108.2446,112.37594,104.67534,110.55916,107.77157,6.2,173208.0,108327.0,101628.0,6699.0,3427.0,6275117.0,2115756.0,,
2024-11,0.04158036842105264,0.79,11.044736842105262,6.0535,6.0529,0.39,-0.87,0.83,0.83,105.49006,108.00109,105.6033,104.88899,107.88257,107.44539,6.1,173317.0,108548.0,101916.0,6632.0,3441.0,6365690.0,2149448.0,,
2024-12,0.044158333333333334,0.93,11.769047619047619,6.1923,6.1917,0.52,-0.17,0.77,0.66,104.15552,107.37012,95.8826,104.85089,108.82395,106.76042,6.2,173430.0,108516.0,101832.0,6684.0,3458.0,6464602.0,2166932.0,,
2025-01,0.04583336363636364,1.01,12.240909090909092,5.8301,5.8295,0.16,-1.52,0.74,0.78,102.62949,108.09524,99.12209,105.2793,104.63284,107.48992,6.5,173538.0,108050.0,100988.0,7062.0,3480.0,6465016.0,2197338.0,,
2025-02,0.049037,0.99,13.15,5.8488,5.8482,1.31,3.16,0.68,0.82,106.82599,108.62006,97.48411,104.03557,103.87176,107.84974,6.8,173650.0,108011.0,100683.0,7328.0,3496.0,6511444.0,2200929.0,,
2025-03,0.05050815789473684,0.96,13.571052631578949,5.7422,5.7416,0.56,0.18,0.7,0.62,114.02067,110.03287,103.55858,107.37029,106.34858,108.01089,7.0,173761.0,108077.0,100511.0,7566.0,3509.0,6576464.0,2229975.0,,
2025-04,0.05253100000000001,1.06,14.15,5.6608,5.6602,0.43,0.35,0.46,0.2,112.59512,109.52766,102.55643,105.7623,106.81837,108.44762,6.6,173862.0,108391.0,101260.0,7130.0,3492.0,6623948.0,2254391.0,,
2025-05,0.05393552380952381,1.14,14.554761904761907,5.7087,5.7081,0.26,0.7,0.11,0.18,108.55704,108.8862,107.68027,105.56161,108.23577,108.33534,6.2,173972.0,108553.0,101863.0,6690.0,3503.0,6666287.0,2270810.0,,
2025-06,0.05456875,1.1,14.7375,5.4571,5.4565,0.24,0.6,0.11,0.4,107.36219,108.80376,104.37969,105.37126,107.9358,108.66493,5.8,174079.0,108569.0,102316.0,6253.0,3531.0,6703663.0,2283397.0,,
2025-07,0.055131,1.28,14.9,5.6021,5.6015,0.26,0.67,0.12,0.59,113.10928,108.49869,110.96684,104.62634,111.03314,108.56773,5.6,174189.0,108554.0,102437.0,6118.0,3534.0,6733209.0,2309843.0,,
2025-08,0.055131,1.16,14.900000000000002,5.4264,5.4258,-0.11,-0.61,0.07,0.39,110.38054,108.82893,111.5707,105.40234,110.24525,108.82079,5.6,174298.0,108502.0,102418.0,6084.0,3536.0,6774436.0,2328314.0,,
2025-09,0.055131,1.22,14.9,5.3186,5.318,0.48,1.87,0.0,0.13,109.48375,108.73548,110.9724,104.89653,111.07967,108.82084,5.6,174411.0,108478.0,102433.0,6045.0,3550.0,6852705.0,2346710.0,,
2025-10,0.055131,1.28,14.9,5.3843,5.3837,0.09,-0.16,0.17,0.41,110.07682,108.75326,113.03211,104.29556,111.89163,108.89432,5.4,174525.0,108465.0,102555.0,5910.0,3564.0,6923886.0,2390860.0,,
2025-11,0.05513099999999999,1.05,14.9,5.3338,5.3332,0.18,0.21,0.16,0.6,106.59892,109.25005,105.19831,104.72512,109.75648,109.39197,5.2,174634.0,108662.0,103019.0,5644.0,3603.0,7004223.0,2429653.0,,
2025-12,0.055131,1.22,14.9,5.5024,5.5018,0.33,-0.22,0.52,0.72,107.18417,109.4528,97.32872,104.79934,112.21124,109.39101,5.1,174747.0,108501.0,102998.0,5503.0,3635.0,7137252.0,2458741.0,,
2026-01,0.055131,1.16,14.900000000000002,5.2301,5.2295,0.33,0.53,0.25,0.1,103.77761,110.04992,98.52341,105.52133,106.75003,110.16336,5.4,174856.0,108522.0,102671.0,5851.0,3664.0,7130762.0,2478837.0,,
2026-02,0.055131,1.0,14.899999999999999,5.1495,5.1489,0.7,0.17,0.89,1.51,106.76075,110.7366,96.57868,106.26495,104.95267,110.70451,5.8,174968.0,108388.0,102145.0,6243.0,3669.0,7157783.0,2484498.0,,
2026-03,0.05477713636363637,1.21,14.797727272727274,5.2194,5.2188,0.88,1.22,0.75,0.53,118.01719,110.58808,106.55708,106.39259,111.01349,110.21055,6.1,175080.0,108555.0,101976.0,6579.0,3690.0,7240557.0,2518078.0,,
2026-04,0.0542227,1.09,14.6375,4.9886,4.988,0.67,1.0,0.55,0.04,113.99295,110.90009,103.92909,106.62679,108.60686,110.55675,5.8,175181.0,108655.0,102333.0,6322.0,3668.0,7259766.0,2527923.0,,
2026-05,0.0534,1.07,14.4,5.0569,5.0563,0.58,0.44,0.64,0.4,109.65479,111.13846,107.72973,107.31987,109.73588,110.67514,5.6,175292.0,108768.0,102703.0,6065.0,3639.0,7305306.0,2542956.0,,
2026-06,0.05302757142857143,1.12,14.292857142857144,5.1766,5.176,0.16,0.29,0.11,0.33,109.94156,110.15775,106.06494,105.41877,110.41885,110.13664,5.4,175400.0,108919.0,103057.0,5861.0,3631.0,7353293.0,2535433.0,,
2026-07,0.052531,1.22,14.15,5.0773,5.0767,0.07,0.27,-0.01,0.54,114.40189,109.91611,111.49238,104.99816,112.43175,110.12393,5.3,175510.0,109154.0,103335.0,5819.0,3644.0,7372243.0,2560381.0,,
2026-08,0.051784428571428565,1.09,13.935714285714287,5.1816,5.181,-0.32,-1.25,0.01,0.03,,,,,,,,,,,,,,,,
2026-09,0.05152584615384615,0.67,13.861538461538462,5.1575,5.1569,,,,,,,,,,,,,,,,,,,,
