date,selic_diaria,selic_acumulada_mes,selic_anualizada_252,dolar_venda,dolar_compra,ipca,ipca_monitorados,ipca_livres,ipca_servicos,ibc_br_sem_ajuste,ibc_br_com_ajuste,ibc_br_industria_sem_ajuste,ibc_br_industria_com_ajuste,ibc_br_servicos_sem_ajuste,ibc_br_servicos_com_ajuste,taxa_desocupacao,pessoas_idade_trabalhar,forca_trabalho,ocupadas,desocupadas,rendimento_real_habitual,credito_total,credito_livre_pf_total,comprometimento_renda_familias,endividamento_familias,ibovespa,sp500,nasdaq,dow_jones,bova11,smal11,ivvb11,usd_brl,eur_brl,ouro,petroleo_wti,petroleo_brent,soja,milho,cafe,treasury_10y,treasury_30y,petr4,vale3,itub4,bbas3,wege3,bitcoin,ethereum
2017-01,0.049115,1.09,13.172727272727274,3.127,3.1264,0.38,0.8,0.25,0.37,90.5686,93.89639,94.45088,98.7613,91.30878,93.10021,12.7,162249.0,101669.0,88798.0,12871.0,3096.0,3086116.0,811179.0,27.65,44.67,64671.0,2278.8701171875,5614.7900390625,19864.08984375,62.38999938964844,60.5,74.36000061035156,3.125499963760376,3.344099998474121,1208.5999755859375,52.810001373291016,55.70000076293945,1024.5,359.75,149.5500030517578,2.450999975204468,3.0510001182556152,4.001725196838379,16.003686904907227,12.65058135986328,8.661211967468262,5.1179962158203125,970.4030151367188,
2017-02,0.047865,0.87,12.816666666666668,3.0993,3.0987,0.33,0.58,0.25,0.84,90.92437,95.09763,91.57704,99.53211,89.07574,93.30486,13.3,162390.0,101783.0,88282.0,13501.0,3108.0,3083038.0,807406.0,27.38,44.54,66662.0,2363.639892578125,5825.43994140625,20812.240234375,64.5,63.79999923706055,76.44999694824219,3.105299949645996,3.286600112915039,1252.5999755859375,54.0099983215332,55.59000015258789,1025.0,366.75,140.6999969482422,2.3580000400543213,2.9679999351501465,4.044353485107422,16.27224349975586,13.865802764892578,9.21523666381836,5.462196826934815,1179.969970703125,
2017-03,0.045513,1.05,12.15,3.1684,3.1678,0.25,0.48,0.18,0.34,99.65199,95.10616,101.96229,99.52758,94.18926,93.34303,13.9,162530.0,102010.0,87880.0,14130.0,3122.0,3090455.0,811975.0,27.67,44.54,64984.0,2362.719970703125,5911.740234375,20663.220703125,62.77999877929688,62.77000045776367,76.5,3.147700071334839,3.3612000942230225,1247.300048828125,50.59999847412109,52.83000183105469,946.0,364.25,139.3000030517578,2.3959999084472656,3.0179998874664307,3.8605198860168457,14.815103530883787,13.132923126220703,9.42899227142334,5.6402082443237305,1071.7900390625,
2017-04,0.0435374444444444,0.79,11.594444444444443,3.1984,3.1978,0.14,-0.6,0.37,0.49,93.78125,94.92893,92.59854,98.55471,90.8422,93.64102,13.7,162656.0,102168.0,88171.0,13998.0,3102.0,3082414.0,808463.0,27.54,44.32,65403.0,2384.199951171875,6047.60986328125,20940.509765625,63.18999862670898,64.9000015258789,78.9000015258789,3.1810998916625977,3.4532999992370605,1266.0999755859375,49.33000183105469,51.72999954223633,945.25,358.0,131.0500030517578,2.282000064849853,2.95199990272522,3.721977710723877,14.11708164215088,13.609569549560549,9.172119140625,5.737452507019043,1347.8900146484375,
2017-05,0.041957,0.93,11.15,3.2437,3.2431,0.31,1.56,-0.08,0.05,95.2129,94.78815,101.36254,99.08433,94.51789,93.78929,13.4,162796.0,102332.0,88615.0,13717.0,3092.0,3077588.0,816497.0,27.34,44.41,62711.0,2411.800048828125,6198.52001953125,21008.650390625,60.560001373291016,64.37999725341797,81.36000061035156,3.256200075149536,3.635699987411499,1272.0,48.31999969482422,50.310001373291016,916.0,372.0,129.35000610351562,2.196000099182129,2.8570001125335693,3.452886819839477,13.962910652160645,12.32820987701416,7.967502117156982,6.158847332000732,2286.409912109375,
2017-06,0.03837,0.81,10.15,3.3082,3.3076,-0.23,-0.83,-0.04,0.43,94.58793,95.2379,99.11397,99.59948,94.22564,94.47375,13.1,162930.0,102588.0,89163.0,13425.0,3084.0,3090213.0,820277.0,27.16,44.42,62900.0,2423.409912109375,6140.419921875,21349.630859375,60.93000030517578,64.43000030517578,83.9000015258789,3.3027000427246094,3.776400089263916,1240.699951171875,46.040000915527344,47.91999816894531,942.25,370.5,124.0500030517578,2.302000045776367,2.8399999141693115,3.295695781707764,14.903365135192873,12.749723434448242,7.556388854980469,5.737452507019043,2480.840087890625,
2017-07,0.0378527142857142,0.8,10.007142857142858,3.1307,3.1301,0.24,1.28,-0.09,0.34,97.01156,95.33598,101.53552,98.7659,95.13456,94.86779,12.9,163069.0,102788.0,89535.0,13253.0,3085.0,3065064.0,825417.0,27.04,44.47,65920.0,2470.300048828125,6348.1201171875,21891.119140625,63.720001220703125,69.75,80.55000305175781,3.1777000427246094,3.676100015640259,1266.5999755859375,50.16999816894531,52.650001525878906,994.5,370.75,139.25,2.2920000553131104,2.8980000019073486,3.5408077239990234,16.08535385131836,12.952753067016602,8.092106819152832,6.177504539489746,2875.340087890625,
2017-08,0.034749,0.8,9.15,3.1471,3.1465,0.19,1.73,-0.32,0.01,98.23293,95.06293,106.73587,99.42607,96.39221,94.19304,12.7,163199.0,102966.0,89928.0,13039.0,3082.0,3063766.0,830704.0,26.97,44.48,70835.0,2471.64990234375,6428.66015625,21948.099609375,68.41000366210938,75.80000305175781,81.3499984741211,3.158799886703491,3.754300117492676,1316.199951171875,47.22999954223633,52.380001068115234,936.25,342.25,128.14999389648438,2.121000051498413,2.7249999046325684,3.636721611022949,18.027931213378903,14.151320457458496,8.71378231048584,6.673271179199219,4703.39013671875,
2017-09,0.0318266,0.64,8.35,3.168,3.1674,0.16,0.24,0.14,0.5,94.54632,95.03537,101.90712,99.31384,94.54775,94.14009,12.5,163330.0,103070.0,90176.0,12894.0,3094.0,3063640.0,830364.0,26.96,44.32,74294.0,2519.360107421875,6495.9599609375,22405.08984375,71.58000183105469,78.4000015258789,83.44999694824219,3.1809000968933105,3.745699882507324,1281.5,51.66999816894531,57.540000915527344,968.25,355.25,128.0500030517578,2.325999975204468,2.8570001125335693,4.0763258934021,16.378280639648438,15.209121704101562,9.928284645080566,6.979865550994873,4338.7099609375,
2017-10,0.0305697142857142,0.64,8.007142857142858,3.2769,3.2763,0.42,0.98,0.24,0.37,95.50578,95.32385,105.43565,100.38846,95.6894,94.45932,12.3,163461.0,103166.0,90484.0,12682.0,3102.0,3068523.0,839865.0,26.73,44.39,74308.0,2575.260009765625,6727.669921875,23377.240234375,71.7699966430664,77.4000015258789,88.05999755859375,3.287300109863281,3.827899932861328,1267.0,54.380001068115234,61.369998931884766,973.75,345.75,125.0999984741211,2.375999927520752,2.875,4.467971324920654,16.496482849121094,14.758130073547363,9.79742431640625,6.959625244140625,6468.39990234375,
2017-11,0.028333,0.57,7.4,3.2616,3.261,0.28,1.32,-0.07,0.12,94.88858,95.43246,102.24969,100.31278,95.41403,94.53657,12.1,163586.0,103415.0,90882.0,12533.0,3114.0,3080362.0,851108.0,26.73,44.52,71971.0,2647.580078125,6873.97021484375,24272.349609375,69.4000015258789,75.2300033569336,90.5,3.244800090789795,3.843100070953369,1273.199951171875,57.400001525878906,63.56999969482422,985.75,341.75,126.3000030517578,2.4170000553131104,2.8320000171661377,4.097639560699463,18.05876350402832,14.489542961120604,8.57215404510498,7.482903480529785,10233.599609375,447.114013671875
2017-12,0.0268514,0.54,7.0,3.308,3.3074,0.44,0.21,0.52,0.6,95.47431,96.85892,93.58715,102.11435,97.03479,95.34803,11.9,163716.0,103345.0,91066.0,12279.0,3110.0,3105277.0,855305.0,26.61,44.35,76402.0,2673.610107421875,6903.39013671875,24719.220703125,73.81999969482422,80.94999694824219,93.5500030517578,3.311100006103516,3.9511001110076895,1306.300048828125,60.41999816894531,66.5999984741211,951.75,350.75,126.1999969482422,2.4049999713897705,2.739000082015991,4.28946590423584,20.910987854003903,15.00769329071045,9.13805103302002,7.904285430908203,14156.400390625,756.7329711914062
2018-01,0.026481,0.58,6.9,3.1624,3.1618,0.29,0.2,0.32,0.16,92.88961,96.21513,97.21845,101.5501,92.93696,94.75742,12.3,163841.0,103352.0,90684.0,12668.0,3125.0,3080974.0,864128.0,26.59,44.44,84913.0,2823.81005859375,7411.47998046875,26149.390625,82.0,84.19999694824219,94.3000030517578,3.179500102996826,3.944000005722046,1339.0,64.7300033569336,69.05000305175781,995.75,361.5,121.8499984741211,2.720000028610229,2.941999912261963,5.248603343963623,21.529075622558597,18.42598533630371,11.395277976989746,7.769871711730957,10221.099609375,1118.31005859375
2018-02,0.0258100555555555,0.47,6.719444444444445,3.2449,3.2443,0.32,0.55,0.24,0.74,91.16325,95.88601,91.5455,100.5532,89.88967,94.63343,12.7,163970.0,103236.0,90133.0,13102.0,3135.0,3074312.0,860692.0,26.58,44.36,85481.0,2713.830078125,7273.009765625,25029.19921875,82.5,83.6500015258789,92.5999984741211,3.248500108718872,3.973000049591065,1315.5,61.63999938964844,65.77999877929688,1045.0,374.5,121.0500030517578,2.868000030517578,3.127000093460083,5.717512130737305,23.398908615112305,18.55855178833008,12.004096031188965,7.674798011779785,10397.900390625,855.198974609375
2018-03,0.0252857142857142,0.53,6.578571428571429,3.3238,3.3232,0.09,0.23,0.04,0.08,99.29461,95.90011,101.45518,101.32543,94.63662,94.72664,13.2,164099.0,103362.0,89691.0,13671.0,3142.0,3094386.0,866450.0,26.72,44.34,85366.0,2640.8701171875,7063.4501953125,24103.109375,82.43000030517578,83.75,91.66000366210938,3.303499937057495,4.062600135803223,1322.800048828125,64.94000244140625,70.2699966430664,1044.75,387.75,118.1500015258789,2.740999937057495,2.9719998836517334,5.7041916847229,22.17288017272949,18.906774520874023,11.874448776245115,7.455908298492432,6973.52978515625,396.4570007324219
2018-04,0.02462,0.52,6.4,3.4811,3.4805,0.22,0.6,0.09,0.03,97.46005,96.45044,99.40734,102.65161,93.941,95.28688,13.0,164214.0,103245.0,89844.0,13401.0,3148.0,3103899.0,874237.0,26.89,44.49,86115.0,2648.050048828125,7066.27001953125,24163.150390625,83.18000030517578,85.56999969482422,97.5999984741211,3.4581000804901123,4.189599990844727,1316.199951171875,68.56999969482422,75.16999816894531,1037.75,392.5,120.6500015258789,2.936000108718872,3.0969998836517334,6.119815349578857,25.566307067871094,18.801713943481445,10.621305465698242,7.622111320495605,9240.5498046875,669.9240112304688
2018-05,0.02462,0.52,6.4,3.737,3.7364,0.4,1.37,0.07,-0.09,92.76753,93.54773,95.63509,95.0172,92.92891,93.12333,12.8,164342.0,103165.0,89951.0,13214.0,3152.0,3117593.0,882766.0,26.94,44.71,76754.0,2705.27001953125,7442.1201171875,24415.83984375,74.06999969482422,76.0,107.37000274658205,3.722100019454956,4.340400218963623,1300.0999755859375,67.04000091552734,77.58999633789062,1018.5,394.0,123.6999969482422,2.822000026702881,2.986000061035156,5.066886901855469,26.59589958190918,15.846620559692385,8.84868049621582,7.364896774291992,7494.169921875,577.64501953125
2018-06,0.02462,0.52,6.4,3.8558,3.8552,1.26,2.49,0.83,0.26,96.02344,96.14553,100.14045,99.66636,95.11573,95.01364,12.6,164466.0,103160.0,90212.0,12948.0,3142.0,3138842.0,887360.0,27.36,44.78,72763.0,2718.3701171875,7510.2998046875,24271.41015625,70.3499984741211,73.19999694824219,111.0,3.859499931335449,4.462600231170654,1251.300048828125,74.1500015258789,79.44000244140625,858.5,350.25,111.5,2.8489999771118164,2.9830000400543213,4.589031219482422,26.04958724975586,14.878447532653809,8.372343063354492,6.966214179992676,6404.0,455.1799926757813
2018-07,0.02462,0.54,6.4,3.7549,3.7543,0.33,0.89,0.13,0.68,98.91251,96.48285,103.9486,100.17379,96.33079,95.39896,12.4,164593.0,103491.0,90632.0,12860.0,3134.0,3134446.0,895854.0,26.98,44.82,79220.0,2816.2900390625,7671.7900390625,25415.189453125,76.44999694824219,77.0,111.58000183105467,3.728100061416626,4.362800121307373,1223.699951171875,68.76000213623047,74.25,903.75,372.25,109.9000015258789,2.96399998664856,3.0829999446868896,5.264435768127441,28.807411193847656,16.603342056274414,9.497419357299805,7.989529609680176,7780.43994140625,433.8670043945313
2018-08,0.02462,0.57,6.4,4.1353,4.1347,-0.09,0.12,-0.16,-0.16,100.53361,97.27377,107.95677,100.13223,98.44391,96.31178,12.2,164715.0,103785.0,91073.0,12712.0,3147.0,3166304.0,908266.0,26.98,45.08,76678.0,2901.52001953125,8109.5400390625,25964.8203125,74.12000274658203,73.80000305175781,125.1999969482422,4.148600101470947,4.836699962615967,1200.300048828125,69.80000305175781,77.41999816894531,833.0,351.0,98.0999984741211,2.8529999256134038,3.009999990463257,5.154497623443604,28.978395462036133,15.878044128417969,8.878002166748047,8.261458396911621,7037.580078125,283.0039978027344
2018-09,0.02462,0.47,6.4,4.0039,4.0033,0.48,0.96,0.31,0.4,95.17996,96.675,100.95673,99.74069,95.19312,95.56386,12.0,164841.0,104102.0,91607.0,12495.0,3137.0,3181647.0,908738.0,26.93,45.1,79342.0,2913.97998046875,8046.35009765625,26458.310546875,76.61000061035156,72.5,124.0999984741211,4.01200008392334,4.665200233459473,1191.5,73.25,82.72000122070312,845.5,356.25,102.4499969482422,3.055999994277954,3.197000026702881,5.644253253936768,32.329132080078125,16.582618713378906,8.713253021240234,8.542012214660645,6625.56005859375,232.84800720214844
2018-10,0.02462,0.54,6.4,3.7177,3.7171,0.45,0.54,0.41,0.17,98.20174,97.02654,107.79306,100.7648,97.40939,95.44085,11.8,164967.0,104333.0,91973.0,12361.0,3137.0,3177146.0,922774.0,27.02,45.4,87424.0,2711.739990234375,7305.89990234375,25115.759765625,84.08000183105469,81.5,106.9499969482422,3.694600105285645,4.189499855041504,1212.300048828125,65.30999755859375,75.47000122070312,839.0,363.25,112.6999969482422,3.1589999198913574,3.4019999504089355,7.391859531402588,30.64835548400879,18.512836456298828,12.648275375366213,7.785125255584717,6317.60986328125,197.3809967041016
2018-11,0.02462,0.49,6.4,3.8633,3.8627,-0.21,-1.0,0.07,0.41,96.70061,97.30896,103.09951,101.08247,96.48226,95.5268,11.7,165088.0,104466.0,92247.0,12219.0,3136.0,3212535.0,942326.0,27.12,45.85,89504.0,2760.169921875,7330.5400390625,25538.4609375,86.37000274658203,85.98999786376953,112.9000015258789,3.8510000705718994,4.384699821472168,1220.199951171875,50.93000030517578,58.709999084472656,894.75,366.5,103.25,3.013000011444092,3.311000108718872,6.840963363647461,28.53523826599121,20.315793991088867,13.459553718566896,7.707274436950684,4017.2685546875,113.17141723632812
2018-12,0.02462,0.49,6.4,3.8748,3.8742,0.15,-0.89,0.52,0.62,95.81426,97.57144,92.75183,101.1115,97.37564,95.86207,11.7,165213.0,104367.0,92152.0,12215.0,3153.0,3265064.0,954473.0,27.48,46.06,87887.0,2506.85009765625,6635.27978515625,23327.4609375,84.5999984741211,87.05000305175781,102.6999969482422,3.874200105667114,4.438300132751465,1278.300048828125,45.40999984741211,53.79999923706055,882.5,375.0,101.8499984741211,2.686000108718872,3.0199999809265137,6.303594589233398,27.562448501586918,20.037004470825195,14.061599731445312,7.608731746673584,3742.700439453125,133.36825561523438
2019-01,0.02462,0.54,6.4,3.6519,3.6513,0.32,0.05,0.41,0.51,93.83862,97.43841,98.03681,102.41021,93.81432,95.88688,12.2,165333.0,104344.0,91658.0,12686.0,3173.0,3237076.0,965020.0,27.64,46.3,97394.0,2704.10009765625,7281.740234375,24999.669921875,94.0,95.3000030517578,104.5199966430664,3.6814000606536874,4.227700233459473,1319.699951171875,53.790000915527344,61.88999938964844,915.25,376.5,105.9000015258789,2.634999990463257,3.005000114440918,7.109609603881836,24.590030670166016,21.89756393432617,15.685840606689451,8.172662734985352,3457.792724609375,107.0610122680664
2019-02,0.02462,0.49,6.4,3.7385,3.7379,0.43,0.29,0.48,0.39,93.98989,96.69725,94.03528,100.30089,92.36869,95.77264,12.5,165457.0,104327.0,91237.0,13090.0,3186.0,3247396.0,969256.0,27.73,46.43,95584.0,2784.489990234375,7532.52978515625,25916.0,93.83999633789062,94.0500030517578,110.79000091552734,3.727299928665161,4.239099979400635,1312.800048828125,57.220001220703125,66.02999877929688,897.5,362.0,95.1999969482422,2.7109999656677246,3.0829999446868896,7.520956516265869,25.45472717285156,20.891681671142575,15.476922988891602,8.025394439697266,3854.785400390625,136.74624633789062
2019-03,0.02462,0.47,6.4,3.8967,3.8961,0.75,0.75,0.75,0.33,97.45704,96.13356,96.39753,99.91917,93.74714,95.42464,12.8,165581.0,104641.0,91203.0,13439.0,3173.0,3273000.0,978787.0,27.61,46.56,95415.0,2834.39990234375,7729.31982421875,25928.6796875,91.80999755859376,93.69000244140624,118.1500015258789,3.897700071334839,4.376599788665772,1293.0,60.13999938964844,68.38999938964844,884.25,356.5,94.5,2.4140000343322754,2.822000026702881,7.798892498016357,27.52461624145508,20.42596435546875,14.945262908935549,7.862432956695557,4105.404296875,141.51409912109375
2019-04,0.02462,0.52,6.4,3.9453,3.9447,0.57,1.03,0.42,0.32,97.86277,96.23143,97.4398,99.95814,94.67123,95.70378,12.6,165692.0,105015.0,91773.0,13242.0,3156.0,3272570.0,993017.0,27.71,46.79,96353.0,2945.830078125,8095.39013671875,26592.91015625,92.87999725341795,95.0500030517578,122.8499984741211,3.944299936294556,4.40939998626709,1282.800048828125,63.90999984741211,72.80000305175781,841.25,353.25,91.8499984741211,2.509000062942505,2.940000057220459,7.540140151977539,27.076051712036133,20.078763961791992,15.239745140075684,8.115778923034668,5350.7265625,162.16603088378906
2019-05,0.02462,0.54,6.4,3.9407,3.9401,0.13,1.16,-0.23,-0.11,97.74544,97.53007,102.88644,100.50071,96.58748,96.0566,12.4,165815.0,105341.0,92293.0,13049.0,3132.0,3291212.0,1009626.0,27.99,47.14,97030.0,2752.06005859375,7453.14990234375,24815.0390625,93.58999633789062,96.8000030517578,115.0500030517578,3.9800000190734863,4.427700042724609,1305.800048828125,53.5,64.48999786376953,877.75,427.0,104.5999984741211,2.1419999599456787,2.5829999446868896,7.133182525634766,26.4815673828125,20.78239631652832,16.04058074951172,8.321075439453125,8574.501953125,268.1135559082031
2019-06,0.02462,0.47,6.4,3.8322,3.8316,0.01,-0.19,0.08,0.34,94.71504,96.94615,96.63911,99.71835,94.45846,95.85132,12.1,165934.0,105460.0,92662.0,12797.0,3129.0,3301611.0,1016885.0,28.89,47.36,100967.0,2941.760009765625,8006.240234375,26599.9609375,97.11000061035156,103.5999984741211,119.6999969482422,3.815999984741211,4.339499950408936,1409.699951171875,58.470001220703125,66.55000305175781,899.75,420.25,108.25,2.0,2.5280001163482666,7.652466773986816,28.00560569763184,21.5397891998291,16.741291046142578,9.33008861541748,10817.1552734375,290.69598388671875
2019-07,0.02462,0.57,6.4,3.7649,3.7643,0.19,0.4,0.11,0.46,100.36055,96.68133,103.61214,97.83997,97.73294,95.93104,11.9,166056.0,105476.0,92875.0,12600.0,3121.0,3296187.0,1033660.0,28.76,47.59,101812.0,2980.3798828125,8175.419921875,26864.26953125,97.9800033569336,110.25,121.11000061035156,3.789299964904785,4.225900173187256,1426.0999755859375,58.58000183105469,65.16999816894531,864.0,400.25,99.6500015258789,2.0209999084472656,2.5269999504089355,7.281151294708252,26.91932487487793,20.69294548034668,15.27634334564209,10.46546745300293,10085.6279296875,218.65414428710935
2019-08,0.022751,0.5,5.9,4.1385,4.1379,0.11,0.6,-0.06,0.07,99.65072,96.93405,106.26599,99.14293,97.68572,95.9558,11.9,166176.0,105584.0,92972.0,12612.0,3133.0,3333007.0,1049189.0,29.01,47.88,101135.0,2926.4599609375,7962.8798828125,26403.279296875,97.61000061035156,111.5,129.0800018310547,4.168099880218506,4.6072998046875,1519.0999755859375,55.09999847412109,60.43000030517578,857.0,358.0,93.5999984741211,1.50600004196167,1.9700000286102293,7.175170421600342,24.627857208251957,20.64276695251465,14.48796844482422,9.885519981384276,9630.6640625,172.46978759765625
2019-09,0.0220351904761904,0.46,5.70952380952381,4.1644,4.1638,-0.04,0.12,-0.1,0.05,96.88869,97.29817,102.74935,99.67488,96.59545,96.01209,11.9,166301.0,105771.0,93191.0,12581.0,3136.0,3368801.0,1060809.0,28.91,48.07,104745.0,2976.739990234375,7999.33984375,26916.830078125,101.01000213623048,112.8000030517578,132.32000732421875,4.157100200653076,4.537499904632568,1465.699951171875,54.06999969482422,60.77999877929688,906.0,388.0,101.1500015258789,1.6749999523162842,2.121000051498413,7.751996517181396,25.806018829345703,21.315141677856445,14.32249927520752,10.663469314575195,8293.8681640625,179.87220764160156
2019-10,0.0207899565217391,0.48,5.378260869565217,4.0041,4.0035,0.1,-0.11,0.18,0.19,100.32647,98.49368,109.20987,101.02225,99.33938,96.77042,11.7,166426.0,105922.0,93479.0,12443.0,3156.0,3380309.0,1076440.0,29.12,48.41,107220.0,3037.56005859375,8292.3603515625,27046.23046875,103.2300033569336,115.56999969482422,130.0,3.9862000942230233,4.443399906158447,1511.4000244140625,54.18000030517578,60.22999954223633,916.75,390.0,101.9499969482422,1.690999984741211,2.1760001182556152,8.551112174987793,25.50877571105957,22.05476188659668,15.15999698638916,11.22238826751709,9199.5849609375,183.9669189453125
2019-11,0.018985,0.38,4.9,4.224,4.2234,0.51,0.97,0.35,0.2,97.49157,98.23091,102.14411,100.17342,97.67624,96.69788,11.3,166546.0,105759.0,93828.0,11931.0,3169.0,3423121.0,1091991.0,29.16,48.73,108233.0,3140.97998046875,8665.4697265625,28051.41015625,104.3499984741211,121.1999969482422,143.60000610351562,4.188000202178955,4.609399795532227,1465.5999755859375,55.16999816894531,62.43000030517578,876.75,371.25,118.5500030517578,1.7760000228881836,2.20199990272522,8.256685256958008,27.011199951171875,21.193029403686523,15.172367095947266,13.387652397155762,7569.6298828125,152.53968811035156
2019-12,0.0178112857142857,0.37,4.590476190476191,4.0307,4.0301,1.15,0.35,1.43,0.73,96.56189,97.78209,92.12418,99.85986,98.43314,96.1404,11.1,166670.0,105617.0,93920.0,11698.0,3159.0,3475872.0,1112378.0,28.9,48.82,115964.0,3230.780029296875,8972.599609375,28538.439453125,111.2300033569336,136.44000244140625,138.7100067138672,4.015710830688477,4.498600006103516,1519.5,61.060001373291016,66.0,943.0,387.75,129.6999969482422,1.919000029563904,2.388999938964844,8.666738510131836,29.568761825561523,22.627349853515625,16.82421112060547,15.270879745483398,7193.59912109375,129.61085510253906
2020-01,0.017089,0.38,4.4,4.2695,4.2689,0.21,0.51,0.11,0.28,94.03191,97.90997,95.56812,100.24061,94.45744,96.58894,11.3,166790.0,105497.0,93524.0,11973.0,3169.0,3465268.0,1124457.0,28.67,48.91,113761.0,3225.52001953125,9150.9404296875,28256.029296875,108.9000015258789,136.91000366210938,148.10000610351562,4.242199897766113,4.67710018157959,1582.9000244140625,51.560001373291016,58.15999984741211,872.5,381.25,102.6500015258789,1.5199999809265137,2.015000104904175,8.169938087463379,27.887828826904297,20.025056838989254,15.460952758789062,17.363689422607422,9350.529296875,180.16017150878903
2020-02,0.0162956666666666,0.29,4.191666666666666,4.4987,4.4981,0.25,-0.28,0.43,0.68,94.32838,98.05689,94.07658,100.99352,92.32032,96.76354,11.7,166913.0,105468.0,93076.0,12392.0,3177.0,3484672.0,1129245.0,29.04,49.05,104172.0,2954.219970703125,8567.3701171875,25409.359375,100.5999984741211,125.9000015258789,141.55999755859375,4.484799861907959,4.930799961090088,1564.0999755859375,44.7599983215332,50.52000045776367,883.5,366.5,110.0999984741211,1.1269999742507937,1.6710000038146973,7.276844024658203,24.581457138061523,20.129684448242188,15.060126304626465,19.07575416564941,8599.5087890625,219.8485107421875
2020-03,0.0153556363636363,0.34,3.945454545454545,5.1987,5.1981,0.07,-0.22,0.17,-0.14,95.57511,91.43481,94.446,94.62525,91.7467,91.39882,12.4,167036.0,104448.0,91523.0,12925.0,3204.0,3583416.0,1130070.0,30.12,49.4,73020.0,2584.590087890625,7700.10009765625,21917.16015625,69.3499984741211,78.70999908447266,144.6199951171875,5.192699909210205,5.725100040435791,1583.4000244140625,20.479999542236328,22.739999771118164,886.0,340.75,119.5500030517578,0.6980000138282776,1.35099995136261,4.017483234405518,23.97676658630371,14.531638145446776,9.008601188659668,14.85450267791748,6438.64453125,133.59356689453125
2020-04,0.014227,0.28,3.65,5.427,5.4264,-0.31,-2.06,0.31,0.25,83.78766,83.18453,76.79526,79.6559,83.20473,85.04607,12.7,167151.0,101515.0,88585.0,12930.0,3242.0,3584113.0,1106014.0,30.46,49.18,80506.0,2912.429931640625,8889.5498046875,24345.720703125,77.20999908447266,90.41999816894533,170.5,5.334799766540527,5.80079984664917,1684.199951171875,18.84000015258789,25.270000457763672,850.25,311.5,104.6500015258789,0.621999979019165,1.2660000324249268,5.183387279510498,24.88657569885254,14.339564323425291,9.205633163452148,17.673185348510742,8658.5537109375,207.60205078125
2020-05,0.0117773,0.24,3.0125,5.4263,5.4257,-0.38,-1.02,-0.16,-0.45,84.48302,85.80219,83.57638,83.87366,85.20454,85.86033,13.1,167273.0,98076.0,85226.0,12850.0,3299.0,3596014.0,1099836.0,29.87,49.21,87403.0,3044.31005859375,9489.8701171875,25383.109375,84.1500015258789,94.6500015258789,175.64999389648438,5.403600215911865,5.983799934387207,1736.9000244140625,35.4900016784668,35.33000183105469,840.75,325.75,96.3000030517578,0.6480000019073486,1.406999945640564,5.841001510620117,29.402328491210938,14.519159317016602,9.961466789245604,18.509498596191406,9461.05859375,230.9757080078125
2020-06,0.0101008571428571,0.21,2.5785714285714283,5.476,5.4754,0.26,0.89,0.04,-0.26,89.04521,89.60526,90.01821,90.89944,88.59065,88.68116,13.6,167391.0,95589.0,82610.0,12979.0,3349.0,3623049.0,1106682.0,28.81,49.38,95056.0,3100.2900390625,10058.76953125,25812.880859375,91.62000274658205,107.8000030517578,181.72000122070312,5.402100086212158,6.073800086975098,1793.0,39.27000045776367,41.150001525878906,884.25,338.5,100.0500030517578,0.652999997138977,1.409000039100647,6.188477039337158,31.0222282409668,16.048324584960938,10.384603500366213,22.411731719970703,9137.9931640625,226.31500244140625
2020-07,0.008442,0.19,2.15,5.2033,5.2027,0.36,1.23,0.06,-0.1,95.7064,91.9639,102.08672,95.84877,91.85823,90.08585,14.1,167513.0,94612.0,81285.0,13327.0,3388.0,3670324.0,1118177.0,28.68,50.18,102912.0,3271.1201171875,10745.26953125,26428.3203125,99.29000091552734,118.0,183.67999267578125,5.153900146484375,6.116300106048584,1962.800048828125,40.27000045776367,43.29999923706055,897.5,316.0,118.9499969482422,0.5360000133514404,1.1979999542236328,6.375263690948486,33.679534912109375,16.966360092163086,10.846500396728516,29.88153839111328,11323.466796875,345.5546569824219
2020-08,0.0076079999999999,0.16,1.9357142857142855,5.4713,5.4707,0.24,0.78,0.06,-0.47,95.2148,93.72393,103.52576,98.29057,92.30589,91.39095,14.8,167628.0,95172.0,81129.0,14043.0,3385.0,3742022.0,1135377.0,29.33,51.11,99369.0,3500.31005859375,11775.4599609375,28430.05078125,95.6999969482422,116.0,207.1499938964844,5.389999866485596,6.411399841308594,1967.5999755859373,42.61000061035156,45.27999877929688,951.25,348.5,129.8000030517578,0.6930000185966492,1.4520000219345093,6.286239147186279,33.10812759399414,14.899914741516112,10.689489364624023,28.670307159423828,11680.8203125,435.0797424316406
2020-09,0.0074689999999999,0.16,1.9,5.6407,5.6401,0.64,0.13,0.81,0.17,96.0514,95.62386,104.9849,100.44362,93.99277,92.8226,14.9,167744.0,96267.0,81954.0,14313.0,3388.0,3820914.0,1153597.0,30.1,52.22,94603.0,3363.0,11167.509765625,27781.69921875,91.0500030517578,110.3499984741211,203.97999572753903,5.630499839782715,6.609600067138672,1887.5,40.220001220703125,40.95000076293945,1023.5,379.0,110.9499969482422,0.6769999861717224,1.4509999752044678,5.63148307800293,34.16270065307617,14.24466323852539,9.728753089904783,29.165122985839844,10784.4912109375,359.9378662109375
2020-10,0.0074689999999999,0.16,1.9,5.7718,5.7712,0.86,0.23,1.08,0.55,98.02015,97.50348,108.67874,101.83023,95.99679,94.38159,14.6,167860.0,98046.0,83767.0,14279.0,3339.0,3878657.0,1176094.0,30.32,53.39,93952.0,3269.9599609375,10911.58984375,26501.599609375,90.66000366210938,107.8000030517578,202.6000061035156,5.7778000831604,6.744200229644775,1877.4000244140625,35.790000915527344,37.459999084472656,1056.5,398.5,104.4000015258789,0.8600000143051147,1.6399999856948853,5.439075469970703,34.99495315551758,14.875007629394531,9.787874221801758,33.66196060180664,13780.9951171875,386.59033203125
2020-11,0.007469,0.15,1.9,5.3317,5.3311,0.89,0.41,1.06,0.39,96.68268,97.65821,101.92982,100.05403,95.89374,94.97608,14.3,167971.0,99260.0,85025.0,14235.0,3304.0,3957260.0,1210234.0,30.84,54.99,108888.0,3621.6298828125,12198.740234375,29638.640625,105.0,126.6999969482422,210.0,5.34250020980835,6.389400005340576,1775.699951171875,45.34000015258789,47.59000015258789,1168.5,419.75,120.6999969482422,0.843999981880188,1.5729999542236328,7.150633335113525,45.080204010009766,18.104854583740234,11.185657501220703,32.658721923828125,19625.8359375,614.842529296875
2020-12,0.007469,0.16,1.9,5.1967,5.1961,1.35,2.04,1.11,0.83,97.49338,97.67173,96.87634,102.82193,97.62055,94.64068,14.2,168086.0,99804.0,85669.0,14135.0,3257.0,4020169.0,1229583.0,31.24,56.45,119306.0,3756.070068359375,12888.2802734375,30606.48046875,115.5500030517578,135.3000030517578,210.0399932861328,5.190838813781738,6.384300231933594,1893.0999755859373,48.52000045776367,51.79999923706055,1315.25,484.0,128.25,0.9169999957084656,1.6460000276565552,8.138511657714844,50.54184341430664,20.1022891998291,12.856659889221191,33.6390380859375,29001.720703125,737.8034057617188
2021-01,0.007469,0.15,1.9,5.4759,5.4753,0.25,-0.29,0.44,0.07,92.11932,97.90837,96.94489,104.84947,91.83145,95.21223,14.4,168197.0,100114.0,85648.0,14466.0,3240.0,4017481.0,1234423.0,31.03,57.07,116007.0,3714.239990234375,13070.6904296875,29982.619140625,110.55999755859376,130.0,220.0,5.437989234924316,6.589499950408936,1847.300048828125,52.20000076293945,55.880001068115234,1370.0,547.0,122.9499969482422,1.093000054359436,1.8580000400543213,7.664674282073975,50.83081817626953,18.05082130432129,11.219759941101074,37.21436309814453,33114.359375,1314.9862060546875
2021-02,0.007469,0.13,1.9,5.5302,5.5296,0.86,1.69,0.57,0.55,94.07216,98.83441,93.52429,103.20593,90.64123,95.7736,14.6,168312.0,100357.0,85709.0,14648.0,3207.0,4044845.0,1242145.0,30.41,57.54,110035.0,3811.14990234375,13192.349609375,30932.369140625,105.58999633789062,127.16000366210938,231.0,5.528025150299072,6.722599983215332,1728.0999755859375,61.5,66.12999725341797,1405.25,555.5,136.85000610351562,1.4600000381469729,2.181999921798706,6.3867506980896,54.627967834472656,16.374923706054688,9.437252044677734,34.66500473022461,45137.76953125,1416.0489501953125
2021-03,0.0087342173913043,0.2,2.226086956521739,5.6973,5.6967,0.93,2.81,0.28,0.12,101.23187,95.30017,101.47285,99.93413,93.97661,92.84574,14.9,168426.0,100476.0,85497.0,14979.0,3219.0,4106449.0,1255381.0,30.46,57.99,116634.0,3972.889892578125,13246.8701171875,32981.55078125,112.0199966430664,134.14999389648438,243.1999969482422,5.771599769592285,6.763400077819824,1713.800048828125,59.15999984741211,63.540000915527344,1436.75,564.25,123.5,1.746000051498413,2.424999952316284,6.92089319229126,59.17270660400391,17.96933364868164,10.294632911682127,33.279319763183594,58918.83203125,1918.362060546875
2021-04,0.010379,0.21,2.65,5.4036,5.403,0.31,0.38,0.28,0.05,97.31862,96.43536,95.22259,98.99592,92.37402,94.25047,14.8,168528.0,100795.0,85880.0,14915.0,3180.0,4126914.0,1270530.0,29.96,58.27,118894.0,4181.169921875,13962.6796875,33874.8515625,114.4000015258789,140.5,247.0,5.336400032043457,6.467899799346924,1767.300048828125,63.58000183105469,67.25,1571.0,740.0,139.9499969482422,1.63100004196167,2.3010001182556152,7.01133918762207,65.84677124023438,17.733110427856445,10.020787239074709,31.252927780151367,57750.17578125,2773.20703125
2021-05,0.0128561428571428,0.27,3.2928571428571423,5.2322,5.2316,0.83,2.11,0.37,-0.15,96.18097,97.253,100.43101,100.17914,95.10885,95.57083,14.7,168642.0,101491.0,86536.0,14955.0,3170.0,4175472.0,1297529.0,30.69,59.26,126216.0,4204.10986328125,13748.740234375,34529.44921875,121.25,149.36000061035156,238.0,5.23799991607666,6.366000175476074,1902.5,66.31999969482422,69.62999725341797,1530.5,656.75,162.35000610351562,1.5809999704360962,2.263000011444092,7.9760661125183105,69.32572937011719,19.06988525390625,11.466062545776367,30.485218048095703,37332.85546875,2714.9453125
2021-06,0.0146347142857142,0.31,3.7571428571428576,5.0022,5.0016,0.53,0.81,0.43,0.23,96.44736,96.79272,98.11897,98.77392,96.13508,96.12265,14.2,168751.0,102315.0,87743.0,14572.0,3119.0,4212400.0,1319841.0,30.14,59.55,126802.0,4297.5,14503.9501953125,34502.51171875,121.80999755859376,150.0,232.5,4.955100059509277,5.894999980926514,1770.800048828125,73.47000122070312,75.12999725341797,1450.0,720.0,159.35000610351562,1.4429999589920044,2.065000057220459,8.73597240447998,69.75244140625,19.24749565124512,11.053051948547363,30.09299659729004,35040.8359375,2274.547607421875
2021-07,0.016137,0.36,4.15,5.1216,5.121,0.96,1.68,0.69,0.67,99.92724,96.46214,102.68368,97.05997,97.62341,96.01601,13.7,168864.0,103150.0,88992.0,14157.0,3097.0,4269669.0,1343774.0,29.94,59.17,121801.0,4395.259765625,14672.6796875,34935.46875,117.11000061035156,141.8000030517578,250.3500061035156,5.080399990081787,6.038700103759766,1812.5999755859373,73.94999694824219,76.33000183105469,1414.75,547.0,179.5500030517578,1.2389999628067017,1.8969999551773071,7.987940788269043,66.98697662353516,19.580293655395508,10.881048202514648,31.897315979003903,41626.1953125,2536.2099609375
2021-08,0.0194127727272727,0.43,5.013636363636365,5.1433,5.1427,0.87,0.95,0.85,0.39,99.29513,97.06923,105.26763,99.15206,97.74489,96.10177,13.2,168974.0,103667.0,90033.0,13634.0,3053.0,4344165.0,1376284.0,30.15,59.9,118781.0,4522.68017578125,15259.240234375,35360.73046875,114.08000183105467,136.3300018310547,254.0,5.182899951934815,6.1118998527526855,1815.0,68.5,72.98999786376953,1298.75,534.0,193.4499969482422,1.3040000200271606,1.9270000457763672,8.551767349243164,60.77854537963867,20.071483612060547,10.591276168823242,31.904651641845703,47166.6875,3433.732666015625
2021-09,0.0210034285714285,0.44,5.435714285714286,5.4394,5.4388,1.16,1.93,0.88,0.63,97.11299,96.99082,103.66339,98.7265,96.90234,95.97158,12.7,169089.0,104483.0,91265.0,13218.0,2998.0,4439121.0,1407650.0,,,110979.0,4307.5400390625,14448.580078125,33843.921875,106.48999786376952,127.4000015258789,255.0,5.414299964904785,6.278500080108643,1755.300048828125,75.02999877929688,78.5199966430664,1256.0,536.75,194.0,1.5290000438690186,2.0920000076293945,8.564346313476562,51.835205078125,18.77666473388672,10.12186336517334,35.574100494384766,43790.89453125,3001.678955078125
2021-10,0.0242439,0.49,6.3,5.643,5.6424,1.25,1.35,1.21,1.04,96.52145,97.47975,101.61023,97.00443,97.33878,96.63113,12.1,169203.0,104904.0,92230.0,12675.0,2956.0,4509925.0,1442346.0,,,103501.0,4605.3798828125,15498.3896484375,35819.55859375,99.68000030517578,111.1999969482422,283.0,5.644899845123291,6.5929999351501465,1783.0,83.56999969482422,84.37999725341797,1235.75,568.25,203.9499969482422,1.5570000410079956,1.9420000314712524,8.5391845703125,48.687294006347656,15.136919975280762,9.981769561767578,33.213260650634766,61318.95703125,4288.07421875
2021-11,0.0292559999999999,0.59,7.65,5.6199,5.6193,0.95,2.3,0.44,0.27,97.78482,99.0706,100.35496,98.70285,98.93506,98.10157,11.6,169314.0,105368.0,93184.0,12183.0,2921.0,4595047.0,1486635.0,,,101915.0,4567.0,15537.6904296875,34483.71875,98.3499984741211,108.8000030517578,280.54998779296875,5.6006999015808105,6.322299957275391,1773.5999755859375,66.18000030517578,70.56999969482422,1217.25,567.0,233.25,1.4429999589920044,1.7869999408721924,9.25628662109375,47.55865859985352,14.71878147125244,11.304770469665527,28.931446075439453,57005.42578125,4631.47900390625
2021-12,0.0333160434782608,0.77,8.758695652173914,5.5805,5.5799,0.73,0.05,0.98,0.79,99.1738,99.1451,94.86781,99.75523,101.59652,98.20916,11.1,169428.0,105781.0,93988.0,11793.0,2898.0,4679575.0,1512088.0,,,104822.0,4766.18017578125,15644.9697265625,36338.30078125,100.8000030517578,113.3000030517578,293.5599975585937,5.570199966430664,6.304900169372559,1827.5,75.20999908447266,77.77999877929688,1328.75,593.25,226.1000061035156,1.5119999647140503,1.9049999713897705,10.051894187927246,53.00463104248047,13.789175987243652,10.29909324645996,29.631895065307617,46306.4453125,3682.6328125
2022-01,0.034749,0.73,9.15,5.3574,5.3568,0.54,-0.35,0.87,0.39,91.93839,97.569,92.13665,99.33705,94.38564,97.59094,11.2,169538.0,105504.0,93679.0,11824.0,2927.0,4679385.0,1526548.0,,,112388.0,4515.5498046875,14239.8798828125,35131.859375,107.9800033569336,117.0,260.3999938964844,5.362599849700928,5.9781999588012695,1795.0,88.1500015258789,91.20999908447266,1490.5,626.0,235.1000061035156,1.781999945640564,2.0980000495910645,11.429837226867676,54.98311614990234,16.686128616333008,11.659213066101074,28.895143508911133,38483.125,2688.27880859375
2022-02,0.0395975789473684,0.76,10.492105263157894,5.1394,5.1388,1.01,0.12,1.34,1.36,95.64937,98.56176,91.95147,99.05466,94.09997,98.16278,11.2,169651.0,105281.0,93490.0,11791.0,2935.0,4723686.0,1535589.0,,,113142.0,4373.93994140625,13751.400390625,33892.6015625,108.9000015258789,111.04000091552734,245.5,5.15939998626709,5.814000129699707,1899.4000244140625,95.72000122070312,100.98999786376952,1644.25,697.5,234.25,1.83899998664856,2.181999921798706,12.012808799743652,62.74071502685547,16.799039840698242,12.569531440734863,26.59842872619629,43193.234375,2919.201171875
2022-03,0.0419535,0.93,11.15,4.7378,4.7372,1.62,2.65,1.24,0.45,104.67958,99.51881,100.68134,101.22721,98.96736,98.9436,11.1,169764.0,105248.0,93523.0,11725.0,2950.0,4790359.0,1566846.0,,,119999.0,4530.41015625,14220.51953125,34678.3515625,115.5999984741211,120.94000244140624,235.6499938964844,4.769700050354004,5.319799900054932,1949.199951171875,100.27999877929688,107.91000366210938,1618.25,748.75,226.3999938964844,2.32699990272522,2.447999954223633,11.818487167358398,67.49685668945312,18.1373291015625,12.76452350616455,31.582502365112305,45538.67578125,3281.642822265625
2022-04,0.043739,0.83,11.65,4.9191,4.9185,1.06,0.55,1.24,0.66,100.18286,99.70532,95.9322,100.66692,96.53567,98.94128,10.5,169866.0,105866.0,94729.0,11137.0,2939.0,4828886.0,1595326.0,,,107876.0,4131.93017578125,12334.6396484375,32977.2109375,103.4000015258789,110.5999984741211,224.1000061035156,4.93779993057251,5.183700084686279,1909.300048828125,104.69000244140624,109.33999633789062,1708.25,818.25,222.5500030517578,2.88700008392334,2.947000026702881,11.70408058166504,58.80558013916016,15.76478672027588,12.220101356506348,27.262208938598636,37714.875,2730.186767578125
2022-05,0.0467962727272727,1.03,12.513636363636364,4.7289,4.7283,0.47,-0.51,0.83,0.85,99.77158,99.70638,101.67258,99.80496,99.62838,99.27819,9.8,169978.0,106143.0,95709.0,10434.0,2949.0,4883798.0,1626747.0,,,111351.0,4132.14990234375,12081.3896484375,32990.12109375,107.18000030517578,109.3000030517578,214.5,4.752399921417236,5.117599964141846,1842.699951171875,114.66999816894533,122.83999633789062,1683.25,753.5,231.25,2.844000101089477,3.056999921798706,12.947999954223633,60.8671875,17.28998374938965,13.710116386413574,22.978145599365234,31792.310546875,1942.3280029296875
2022-06,0.0481161428571428,1.02,12.88809523809524,5.238,5.2374,0.67,0.48,0.74,0.9,99.25741,99.54343,99.50821,99.59018,99.59842,99.61472,9.3,170087.0,106340.0,96445.0,9895.0,2968.0,4961785.0,1647429.0,,,98542.0,3785.3798828125,11028.740234375,30775.4296875,95.0,91.33000183105467,216.6999969482422,5.180900096893311,5.409800052642822,1804.0999755859373,105.76000213623048,114.80999755859376,1675.0,743.75,233.6000061035156,2.9719998836517334,3.11899995803833,12.030525207519531,54.05397033691406,14.99344253540039,12.590436935424805,23.995588302612305,19784.7265625,1067.298828125
2022-07,0.049037,1.03,13.150000000000002,5.1884,5.1878,-0.68,-4.35,0.65,0.8,104.01771,101.42681,104.48641,100.59274,101.85921,100.84202,9.1,170199.0,106533.0,96833.0,9700.0,3002.0,4997242.0,1668030.0,,,103165.0,4130.2900390625,12390.6904296875,32845.12890625,99.3000030517578,95.6500015258789,234.5,5.182700157165527,5.279699802398682,1762.9000244140625,98.62000274658205,110.01000213623048,1637.0,616.25,217.1999969482422,2.6419999599456787,2.9739999771118164,14.70971965789795,49.245880126953125,15.633933067321776,13.567346572875977,25.5686092376709,23336.896484375,1681.517333984375
2022-08,0.0505596086956521,1.17,13.584782608695653,5.179,5.1784,-0.36,-2.55,0.39,0.28,104.54831,101.06249,108.05588,99.84715,103.97351,101.35184,8.9,170309.0,106685.0,97179.0,9506.0,3031.0,5068741.0,1691439.0,,,109523.0,3955.0,11816.2001953125,31510.4296875,105.83000183105467,106.8000030517578,226.0,5.1219000816345215,5.131800174713135,1712.800048828125,89.55000305175781,96.48999786376952,1507.5,673.75,239.1000061035156,3.132999897003174,3.255000114440918,17.577823638916016,47.89952087402344,17.29059410095215,16.02940559387207,25.79657745361328,20049.763671875,1553.6849365234375
2022-09,0.050788,1.07,13.650000000000002,5.4066,5.406,-0.29,-1.21,0.02,0.4,101.11871,101.08345,104.47269,99.68184,102.76747,101.52383,8.7,170426.0,106708.0,97435.0,9273.0,3072.0,5160236.0,1709051.0,,,110037.0,3585.6201171875,10575.6201171875,28725.509765625,106.45999908447266,105.44000244140624,213.5,5.396200180053711,5.303100109100342,1662.4000244140625,79.48999786376953,87.95999908447266,1364.75,677.5,221.5500030517578,3.803999900817871,3.765000104904175,15.763442039489746,53.49893569946289,18.810766220092773,14.909686088562012,29.34959602355957,19431.7890625,1327.9786376953125
2022-10,0.050788,1.02,13.65,5.257,5.2564,0.59,0.18,0.73,0.67,100.04828,101.38865,105.24416,101.03255,102.18657,101.41267,8.3,170543.0,106663.0,97821.0,8841.0,3095.0,5211491.0,1741386.0,,,116037.0,3871.97998046875,10988.150390625,32732.94921875,112.1500015258789,112.5,220.2400054931641,5.28849983215332,5.27370023727417,1635.9000244140625,86.52999877929688,94.83000183105467,1407.0,691.5,177.6999969482422,4.077000141143799,4.203999996185303,15.768729209899902,49.852630615234375,20.392276763916016,14.329084396362305,36.78287506103516,20495.7734375,1572.7144775390625
2022-11,0.050788,1.02,13.65,5.2941,5.2935,0.41,1.0,0.21,0.13,98.94667,100.57597,101.06315,99.60786,101.78696,101.06714,8.1,170656.0,106415.0,97843.0,8572.0,3127.0,5278400.0,1765480.0,,,112486.0,4080.110107421875,11468.0,34589.76953125,108.58000183105467,99.9800033569336,233.25,5.268199920654297,5.436200141906738,1746.0,80.55000305175781,85.43000030517578,1469.5,662.0,167.6999969482422,3.703000068664551,3.822000026702881,15.087675094604492,63.650657653808594,17.450885772705078,13.97507095336914,35.614009857177734,17168.56640625,1295.6885986328125
2022-12,0.0507879999999999,1.12,13.65,5.2177,5.2171,0.62,0.27,0.74,0.44,99.84111,100.27252,94.79525,99.7233,104.21084,100.96319,7.9,170772.0,105927.0,97517.0,8410.0,3133.0,5358049.0,1775089.0,,,110031.0,3839.5,10466.48046875,33147.25,105.9499969482422,96.5199966430664,225.0,5.284599781036377,5.632999897003174,1819.699951171875,80.26000213623047,85.91000366210938,1519.25,678.5,167.3000030517578,3.878999948501587,3.974999904632568,13.86526584625244,66.22943878173828,17.12343978881836,13.899336814880373,35.21767044067383,16547.49609375,1196.771240234375
2023-01,0.0507879999999999,1.12,13.65,5.0993,5.0987,0.53,0.72,0.46,0.6,95.3464,100.23661,93.47421,99.38795,97.9225,100.40577,8.4,170885.0,105612.0,96788.0,8823.0,3146.0,5365320.0,1794239.0,,,113532.0,4076.60009765625,11584.5498046875,34086.0390625,109.83999633789062,99.44000244140624,228.1999969482422,5.1149001121521,5.547100067138672,1929.5,78.87000274658203,84.48999786376953,1538.0,679.75,181.75,3.5290000438690186,3.66100001335144,14.753772735595703,70.42466735839844,17.361732482910156,16.288593292236328,34.97074890136719,23139.283203125,1586.535400390625
2023-02,0.050788,0.92,13.65,5.2078,5.2072,0.84,0.84,0.84,1.41,98.67724,103.25561,91.45686,101.09582,95.8281,101.27978,8.6,171000.0,105321.0,96274.0,9047.0,3148.0,5364476.0,1795408.0,,,104932.0,3970.14990234375,11455.5400390625,32656.69921875,101.1500015258789,88.36000061035156,229.3000030517578,5.199699878692627,5.513999938964844,1828.9000244140625,77.05000305175781,83.88999938964844,1490.5,629.5,190.3999938964844,3.9159998893737793,3.930999994277954,14.284051895141602,63.57669448852539,17.442424774169922,16.45163917541504,36.017826080322266,23147.353515625,1605.8951416015625
2023-03,0.050788,1.17,13.65,5.0804,5.0798,0.71,2.33,0.17,0.25,110.75263,102.93565,102.3989,100.09157,102.80536,101.44524,8.8,171116.0,105225.0,95978.0,9247.0,3156.0,5417326.0,1811619.0,,,101882.0,4109.31005859375,12221.91015625,33274.1484375,98.48999786376952,87.81999969482422,229.75,5.092700004577637,5.551799774169922,1969.0,75.66999816894531,79.7699966430664,1505.5,660.5,170.5,3.49399995803833,3.688999891281128,13.271040916442873,61.1424446105957,17.175315856933594,16.114543914794922,37.34616088867188,28478.484375,1822.0220947265625
2023-04,0.050788,0.92,13.65,5.0007,5.0001,0.61,0.86,0.52,0.52,103.94056,104.35168,94.29206,100.54625,98.59795,101.91031,8.5,171220.0,105092.0,96176.0,8916.0,3142.0,5419040.0,1819920.0,,,104432.0,4169.47998046875,12226.580078125,34098.16015625,100.9000015258789,89.0,229.75,4.976200103759766,5.48829984664917,1990.0999755859373,76.77999877929688,79.54000091552734,1444.25,636.0,189.8500061035156,3.45199990272522,3.677999973297119,15.108732223510742,55.134056091308594,18.00735855102539,17.659664154052734,37.871124267578125,29268.806640625,1876.92431640625
2023-05,0.0507879999999999,1.12,13.65,5.0959,5.0953,0.23,0.71,0.07,-0.06,102.76627,102.51912,104.03745,101.84788,102.42178,102.11274,8.3,171334.0,105301.0,96535.0,8767.0,3138.0,5446513.0,1843493.0,,,108335.0,4179.830078125,12935.2900390625,32908.26953125,104.83999633789062,100.5,233.25,5.034800052642822,5.401199817657471,1963.9000244140625,68.08999633789062,72.66000366210938,1299.75,594.0,178.64999389648438,3.63700008392334,3.8559999465942383,16.651479721069336,48.59259796142578,18.304664611816406,18.38483619689941,34.63844299316406,27219.658203125,1874.1304931640625
2023-06,0.050788,1.07,13.650000000000002,4.8192,4.8186,-0.08,0.06,-0.12,0.62,102.17422,102.38355,101.87862,101.6307,102.5505,102.41033,8.0,171445.0,105505.0,97038.0,8468.0,3151.0,5472241.0,1833699.0,,,118087.0,4450.3798828125,13787.919921875,34407.6015625,114.16999816894533,109.5,235.25,4.855599880218506,5.273900032043457,1921.0999755859373,70.63999938964844,74.9000015258789,1557.25,554.5,161.0,3.819000005722046,3.8550000190734863,20.0581169128418,48.904815673828125,19.953866958618164,20.85705947875977,34.822853088378906,30477.251953125,1933.18896484375
2023-07,0.050788,1.07,13.650000000000002,4.7415,4.7409,0.12,0.46,0.01,0.25,105.38729,102.85932,104.96739,101.20023,103.55485,102.54605,7.9,171559.0,105808.0,97463.0,8345.0,3169.0,5477495.0,1842280.0,,,121943.0,4588.9599609375,14346.01953125,35559.53125,117.9499969482422,112.9000015258789,239.82000732421875,4.723299980163574,5.189499855041504,1970.5,81.80000305175781,85.55999755859375,1445.75,504.0,164.64999389648438,3.9590001106262207,4.019000053405762,21.13132667541504,52.66673278808594,20.120830535888672,20.3461856842041,36.962589263916016,29230.111328125,1856.162353515625
2023-08,0.0491892608695652,1.14,13.193478260869565,4.9219,4.9213,0.23,1.26,-0.12,0.08,106.08654,102.4601,108.47316,99.88364,105.78658,102.98841,7.8,171669.0,106000.0,97760.0,8240.0,3177.0,5551565.0,1864163.0,,,115742.0,4507.66015625,14034.9697265625,34721.91015625,112.30999755859376,104.1999969482422,247.6499938964844,4.888400077819824,5.313000202178955,1938.199951171875,83.62999725341797,86.86000061035156,1360.0,461.0,152.6999969482422,4.0929999351501465,4.203999996185303,22.522090911865234,51.05488204956055,19.28263092041016,20.232563018798828,33.22188949584961,25931.47265625,1645.63916015625
2023-09,0.0484217,0.97,12.975,5.0076,5.007,0.26,1.11,-0.04,0.5,101.77907,102.4903,104.89232,101.09722,103.36066,102.51125,7.7,171782.0,106087.0,97938.0,8150.0,3208.0,5616177.0,1866148.0,,,116565.0,4288.0498046875,13219.3203125,33507.5,113.1500015258789,101.63999938964844,238.7899932861328,5.032800197601318,5.319699764251709,1848.0999755859373,90.79000091552734,95.30999755859376,1275.0,476.75,146.14999389648438,4.572999954223633,4.710999965667725,24.42595863342285,53.01611709594727,19.32951545715332,20.4109001159668,33.64117813110352,26967.916015625,1671.161865234375
2023-10,0.047279,1.0,12.650000000000002,5.0575,5.0569,0.24,-0.03,0.34,0.59,101.96323,102.80099,106.35617,101.70357,103.9654,102.58171,7.6,171894.0,106396.0,98302.0,8094.0,3219.0,5644764.0,1887381.0,,,113144.0,4193.7998046875,12851.240234375,33052.87109375,109.62000274658205,94.1999969482422,234.0,5.04610013961792,5.353700160980225,1985.199951171875,81.0199966430664,87.41000366210938,1287.0,478.75,167.3000030517578,4.875,5.021999835968018,24.496477127075195,54.13009262084961,19.06483459472656,20.91706275939941,30.61745834350586,34667.78125,1816.458984375
2023-11,0.0456013,0.92,12.175,4.9355,4.9349,0.28,0.16,0.31,0.7,101.61915,103.56324,103.1611,101.88275,104.21771,103.60435,7.5,172003.0,106635.0,98599.0,8037.0,3246.0,5702348.0,1912186.0,,,127331.0,4567.7998046875,14226.2197265625,35950.890625,123.56999969482422,106.3499984741211,249.6999969482422,4.904099941253662,5.362800121307373,2038.0999755859373,75.95999908447266,82.83000183105469,1342.75,461.75,195.0,4.352000236511231,4.513000011444092,26.313859939575195,59.72247314453125,22.47035217285156,23.478160858154297,31.71193504333496,37712.74609375,2052.55615234375
2023-12,0.0445373,0.89,11.875,4.8413,4.8407,0.56,0.31,0.65,0.6,101.60757,104.58457,95.74755,104.41049,106.15222,104.556,7.4,172115.0,106988.0,99062.0,7926.0,3232.0,5794196.0,1923799.0,,,134185.0,4769.830078125,15011.349609375,37689.5390625,130.38999938964844,113.1999969482422,257.6099853515625,4.850200176239014,5.3429999351501465,2062.39990234375,71.6500015258789,77.04000091552734,1293.5,471.25,188.3000030517578,3.865999937057495,4.019000053405762,27.288454055786133,62.431617736816406,24.36791610717773,24.114316940307617,34.303279876708984,42265.1875,2281.47119140625
2024-01,0.043739,0.97,11.65,4.9535,4.9529,0.42,0.19,0.5,0.02,99.36473,104.41925,96.17475,102.1097,102.13367,104.71585,7.6,172223.0,106809.0,98677.0,8133.0,3267.0,5784313.0,1948893.0,,,127752.0,4845.64990234375,15164.009765625,38150.30078125,123.9499969482422,106.37000274658205,266.6199951171875,4.950300216674805,5.360400199890137,2048.39990234375,75.8499984741211,81.70999908447266,1222.25,448.25,194.0500030517578,3.9670000076293945,4.215000152587891,29.86780548095703,54.7974967956543,23.526506423950195,24.575796127319336,30.0560302734375,42582.60546875,2282.54443359375
2024-02,0.041957,0.8,11.15,4.9833,4.9827,0.83,0.88,0.81,1.06,102.18492,104.80921,95.71461,102.22284,100.75487,105.21006,7.8,172334.0,106708.0,98334.0,8374.0,3281.0,5802794.0,1955013.0,,,129020.0,5096.27001953125,16091.919921875,38996.390625,125.25,106.5,281.1000061035156,4.967299938201904,5.38100004196167,2045.699951171875,78.26000213623047,83.62000274658203,1128.25,415.75,195.8500061035156,4.251999855041504,4.375,29.41349029541016,54.1747932434082,25.17036247253418,25.189645767211918,34.383548736572266,61198.3828125,3341.919677734375
2024-03,0.0414203,0.83,11.0,4.9962,4.9956,0.16,0.25,0.14,0.1,109.65972,104.42803,100.28878,102.32292,104.9999,105.66964,7.9,172445.0,106743.0,98290.0,8453.0,3276.0,5899857.0,1969413.0,,,128106.0,5254.35009765625,16379.4599609375,39807.37109375,124.33000183105467,109.0,292.6000061035156,5.014100074768066,5.406499862670898,2217.39990234375,83.16999816894531,87.4800033569336,1191.5,442.0,188.8500061035156,4.205999851226807,4.348999977111816,27.37638664245605,51.39371109008789,25.884597778320312,24.82768821716309,35.850730895996094,71333.6484375,3647.8564453125
2024-04,0.040168,0.89,10.65,5.1718,5.1712,0.38,0.74,0.26,0.05,109.22462,105.25234,101.5688,102.2567,105.33969,105.63722,7.5,172548.0,106923.0,98877.0,8046.0,3287.0,5915624.0,1989725.0,,,125924.0,5035.68994140625,15657.8203125,37815.921875,122.37999725341795,100.5,291.0,5.117000102996826,5.479400157928467,2291.39990234375,81.93000030517578,87.86000061035156,1145.5,439.5,220.6499938964844,4.685999870300293,4.789999961853027,31.653301239013672,53.47209930419922,23.445571899414062,24.047163009643555,37.117706298828125,60636.85546875,3012.286865234375
2024-05,0.0394838095238095,0.83,10.45952380952381,5.2416,5.241,0.46,0.55,0.42,0.4,104.67197,105.64207,103.83215,103.09733,104.87836,105.51549,7.1,172658.0,107016.0,99393.0,7623.0,3304.0,5951817.0,2007640.0,,,122098.0,5277.509765625,16735.01953125,38686.3203125,118.66000366210938,96.87000274658205,308.20001220703125,5.202099800109863,5.631100177764893,2322.89990234375,76.98999786376953,81.62000274658203,1205.0,446.25,222.3500061035156,4.513999938964844,4.651999950408936,30.504589080810547,53.39606475830078,23.211917877197266,23.784067153930664,35.24070739746094,67491.4140625,3760.026611328125
2024-06,0.03927,0.79,10.4,5.5589,5.5583,0.21,0.33,0.16,0.04,105.72251,106.52112,103.84803,104.08161,106.07322,106.36083,6.9,172765.0,107272.0,99883.0,7388.0,3325.0,6040221.0,2024374.0,,,123907.0,5460.47998046875,17732.599609375,39118.859375,120.37999725341795,96.4499969482422,339.8299865722656,5.500500202178955,5.890900135040283,2327.699951171875,81.54000091552734,86.41000366210938,1150.5,397.25,228.9499969482422,4.3429999351501465,4.501999855041504,30.77517509460449,52.56808853149414,24.450345993041992,24.00452041625977,39.5953483581543,62678.29296875,3432.88916015625
2024-07,0.03927,0.91,10.4,5.6621,5.6615,0.38,1.08,0.14,0.75,111.55682,106.92409,110.79371,104.37653,109.233,106.66866,6.8,172874.0,107360.0,100081.0,7279.0,3310.0,6065265.0,2051180.0,,,127652.0,5522.2998046875,17599.400390625,40842.7890625,124.04000091552734,98.5,347.70001220703125,5.611100196838379,6.069499969482422,2426.5,77.91000366210938,80.72000122070312,1028.5,382.75,229.1999969482422,4.109000205993652,4.36899995803833,30.25753593444824,52.069610595703125,25.57325553894043,23.86072540283203,47.61528778076172,64619.25,3231.295654296875
2024-08,0.03927,0.87,10.4,5.6562,5.6556,-0.02,-0.12,0.02,0.24,110.06098,107.08868,112.65738,104.30629,109.25489,106.9033,6.6,172982.0,107687.0,100559.0,7128.0,3327.0,6134688.0,2071718.0,,,136004.0,5648.39990234375,17713.619140625,41563.078125,132.60000610351562,102.7699966430664,354.8500061035156,5.627699851989746,6.222400188446045,2493.800048828125,73.55000305175781,78.80000305175781,982.0,378.0,248.1999969482422,3.91100001335144,4.196000099182129,32.7490348815918,52.17648315429688,27.716283798217773,25.6903076171875,51.08786392211914,58969.8984375,2513.393798828125
2024-09,0.0396120952380952,0.84,10.495238095238095,5.4481,5.4475,0.44,1.01,0.24,0.15,107.0638,107.98672,108.56441,104.93241,108.56552,107.66686,6.4,173095.0,107912.0,101058.0,6854.0,3318.0,6216178.0,2087722.0,,,131816.0,5762.47998046875,18189.169921875,42330.1484375,128.42999267578125,97.95999908447266,349.79998779296875,5.433199882507324,6.065199851989746,2636.10009765625,68.16999816894531,71.7699966430664,1057.0,424.75,270.25,3.802000045776367,4.133999824523926,29.95409393310547,55.61812973022461,27.488853454589844,24.993974685668945,51.378536224365234,63329.5,2603.062744140625
2024-10,0.040168,0.93,10.65,5.7779,5.7773,0.56,0.71,0.5,0.35,109.18813,108.17351,112.46159,104.64462,110.5281,107.72975,6.2,173208.0,108327.0,101628.0,6699.0,3332.0,6274641.0,2115185.0,,,129713.0,5705.4501953125,18095.150390625,41763.4609375,126.26000213623048,97.25,368.5799865722656,5.76230001449585,6.252200126647949,2738.300048828125,69.26000213623047,73.16000366210938,982.5,410.75,245.8999938964844,4.283999919891357,4.4730000495910645,29.87091445922852,54.34831619262695,26.67213249206543,24.212337493896484,51.11403274536133,70215.1875,2515.79931640625
2024-11,0.0415803684210526,0.79,11.044736842105262,6.0535,6.0529,0.39,-0.87,0.83,0.83,105.3946,107.8848,105.44625,104.69348,107.79795,107.38265,6.1,173317.0,108548.0,101916.0,6632.0,3345.0,6365255.0,2148894.0,,,125668.0,6032.3798828125,19218.169921875,44910.6484375,122.31999969482422,93.31999969482422,402.8500061035156,6.013899803161621,6.345178127288818,2657.0,68.0,72.94000244140625,989.5,423.0,321.6499938964844,4.177999973297119,4.366000175476074,32.35807418823242,51.47589111328125,24.84151077270508,23.21350479125977,50.95344543457031,96449.0546875,3705.705322265625
2024-12,0.0441583333333333,0.93,11.76904761904762,6.1923,6.1917,0.52,-0.17,0.77,0.66,104.06435,107.02445,95.90878,104.50047,108.65653,106.72804,6.2,173430.0,108516.0,101832.0,6684.0,3362.0,6462746.0,2166900.0,,,120283.0,5881.6298828125,19310.7890625,42544.21875,117.2699966430664,85.94999694824219,407.7000122070313,6.1778998374938965,6.422607898712158,2629.199951171875,71.72000122070312,74.63999938964844,998.25,458.5,319.75,4.572999954223633,4.785999774932861,32.49669647216797,48.19790267944336,23.652780532836918,22.80995178222656,49.919918060302734,93429.203125,3332.53173828125
2025-01,0.0458333636363636,1.01,12.240909090909092,5.8301,5.8295,0.16,-1.52,0.74,0.78,102.89062,108.25756,99.62668,105.43473,104.83076,107.61392,6.5,173538.0,108050.0,100988.0,7062.0,3383.0,6464424.0,2198124.0,,,126135.0,6040.52978515625,19627.439453125,44544.66015625,123.0,91.4000015258789,394.1499938964844,5.874499797821045,6.10128116607666,2812.5,72.52999877929688,76.76000213623047,1042.0,482.0,377.8500061035156,4.568999767303467,4.813000202178955,33.843624114990234,47.86214828491211,26.03839492797852,26.1224422454834,52.067325592041016,102405.0234375,3298.26513671875
2025-02,0.049037,0.99,13.15,5.8488,5.8482,1.31,3.16,0.68,0.82,106.91182,108.97999,97.50894,104.60628,104.00991,107.98718,6.8,173650.0,108011.0,100683.0,7328.0,3398.0,6518695.0,2207202.0,,,122799.0,5954.5,18847.279296875,43840.91015625,120.01000213623048,87.5999984741211,392.7000122070313,5.839000225067139,6.064280986785889,2836.800048828125,69.76000213623047,73.18000030517578,1011.5,453.5,379.0499877929688,4.230999946594238,4.515999794006348,32.26323318481445,48.72803497314453,25.783615112304688,25.77326202392578,45.80485916137695,84373.0078125,2237.9052734375
2025-03,0.0505081578947368,0.96,13.571052631578947,5.7422,5.7416,0.56,0.18,0.7,0.62,114.15777,109.82196,103.90568,107.6861,106.42077,108.05843,7.0,173761.0,108077.0,100511.0,7566.0,3411.0,6579532.0,2235492.0,,,130260.0,5611.85009765625,17299.2890625,42001.76171875,127.3000030517578,93.41999816894533,358.70001220703125,5.7581000328063965,6.226650238037109,3122.800048828125,71.4800033569336,74.73999786376953,1014.75,457.25,379.75,4.245999813079834,4.61299991607666,33.36771011352539,52.05281066894531,27.906768798828125,27.232913970947266,43.17669296264648,82548.9140625,1823.47998046875
2025-04,0.052531,1.06,14.15,5.6608,5.6602,0.43,0.35,0.46,0.2,112.57908,110.38863,102.29095,106.23232,106.92273,108.75482,6.6,173862.0,108391.0,101260.0,7130.0,3394.0,6630471.0,2259753.0,,,135067.0,5569.06005859375,17446.33984375,40669.359375,131.6300048828125,101.5,354.3500061035156,5.619999885559082,6.393861770629883,3305.0,58.209999084472656,63.119998931884766,1034.75,467.25,413.6000061035156,4.177000045776367,4.681000232696533,27.59539604187012,48.52754211425781,31.629453659057617,27.94778823852539,42.5664291381836,94207.3125,1793.775390625
2025-05,0.0539355238095238,1.14,14.554761904761907,5.7087,5.7081,0.26,0.7,0.11,0.18,108.58962,109.01454,107.65267,105.79514,108.3174,108.65091,6.2,173972.0,108553.0,101863.0,6690.0,3405.0,6665994.0,2270543.0,,,137027.0,5911.68994140625,19113.76953125,42270.0703125,133.99000549316406,107.63999938964844,378.7999877929688,5.66510009765625,6.439149856567383,3288.89990234375,60.790000915527344,63.900001525878906,1041.75,444.0,342.45001220703125,4.415999889373779,4.928999900817871,28.4327335357666,47.82983016967773,33.290557861328125,22.62485885620117,40.3828010559082,104638.09375,2529.08740234375
2025-06,0.05456875,1.1,14.7375,5.4571,5.4565,0.24,0.6,0.11,0.4,107.36257,108.85048,104.33774,105.5791,107.97677,108.61801,5.8,174079.0,108569.0,102316.0,6253.0,3433.0,6703448.0,2283449.0,,,138855.0,6204.9501953125,20369.73046875,44094.76953125,135.85000610351562,109.02999877929688,377.8500061035156,5.478400230407715,6.418485164642334,3294.39990234375,65.11000061035156,67.61000061035156,1024.25,420.5,306.75,4.230000019073486,4.77899980545044,29.744508743286133,48.33475112915039,33.183807373046875,21.73656272888184,40.88517761230469,107135.3359375,2486.46435546875
2025-07,0.055131,1.28,14.9,5.6021,5.6015,0.26,0.67,0.12,0.59,113.17795,108.32307,111.14289,104.46576,111.07943,108.42164,5.6,174189.0,108554.0,102437.0,6118.0,3436.0,6732353.0,2309696.0,,,133071.0,6339.39013671875,21122.44921875,44130.98046875,129.8800048828125,101.91999816894533,398.010009765625,5.575399875640869,6.365372180938721,3293.199951171875,69.26000213623047,72.52999877929688,961.75,394.0,295.79998779296875,4.360000133514404,4.886000156402588,30.9388370513916,49.07836151123047,31.59134864807129,19.384803771972656,35.635231018066406,115758.203125,3696.707763671875
2025-08,0.055131,1.16,14.900000000000002,5.4264,5.4258,-0.11,-0.61,0.07,0.39,110.40478,108.72115,111.62647,105.22272,110.26953,108.72154,5.6,174298.0,108502.0,102418.0,6084.0,3438.0,6772151.0,2327491.0,,,141422.0,6460.259765625,21455.55078125,45544.87890625,138.5,107.43000030517578,393.8500061035156,5.413000106811523,6.317119121551514,3473.699951171875,64.01000213623047,68.12000274658203,1036.75,398.0,396.8500061035156,4.227000236511231,4.916999816894531,30.147872924804688,52.79607009887695,34.93696594238281,21.047761917114254,36.16337585449219,108236.7109375,4390.01904296875
2025-09,0.055131,1.22,14.9,5.3186,5.318,0.48,1.87,0.0,0.13,109.45899,108.59808,110.93443,104.6392,111.06089,108.75545,5.6,174411.0,108478.0,102433.0,6045.0,3451.0,6850359.0,2346477.0,,,146237.0,6688.4599609375,22660.009765625,46397.890625,143.24000549316406,109.66999816894533,399.7999877929688,5.321700096130371,6.238303184509277,3840.800048828125,62.369998931884766,67.0199966430664,1001.75,415.5,374.8500061035156,4.1479997634887695,4.73199987411499,30.496850967407227,54.715579986572266,35.47969436645508,21.73656272888184,35.242862701416016,114056.0859375,4145.95751953125
2025-10,0.055131,1.28,14.9,5.3843,5.3837,0.09,-0.16,0.17,0.41,110.13427,108.69139,113.04767,104.09974,111.98479,108.92814,5.4,174525.0,108465.0,102555.0,5910.0,3465.0,6919371.0,2389845.0,,,149540.0,6840.2001953125,23724.9609375,47562.87109375,146.41000366210938,110.05999755859376,413.3299865722656,5.381999969482422,6.222774982452393,3982.199951171875,60.97999954223633,65.06999969482422,1099.75,431.5,392.0499877929688,4.10099983215332,4.670000076293945,28.83920288085937,62.01352691650391,35.831871032714844,21.54960250854492,40.54999542236328,109556.1640625,3847.080322265625
2025-11,0.0551309999999999,1.05,14.9,5.3338,5.3332,0.18,0.21,0.16,0.6,106.7705,109.3473,105.29436,104.69308,110.00793,109.60164,5.2,174634.0,108662.0,103019.0,5644.0,3503.0,6998237.0,2428526.0,,,159072.0,6849.08984375,23365.689453125,47716.421875,155.85000610351562,116.48999786376952,411.0899963378906,5.355400085449219,6.207324981689453,4218.2998046875,58.54999923706055,63.20000076293945,1137.75,435.5,413.0,4.017000198364258,4.664999961853027,30.816749572753903,64.04706573486328,37.8475456237793,22.1104793548584,42.62084197998047,90394.3125,2992.112548828125
2025-12,0.055131,1.22,14.9,5.5024,5.5018,0.33,-0.22,0.52,0.72,107.20972,109.18161,97.59308,104.6779,112.15436,109.46947,5.1,174747.0,108501.0,102998.0,5503.0,3533.0,7131551.0,2458508.0,,,161125.0,6845.5,23241.990234375,48063.2890625,158.0,112.4499969482422,424.2000122070313,5.476200103759766,6.426734924316406,4325.60009765625,57.41999816894531,60.84999847412109,1030.5,440.25,348.75,4.163000106811523,4.840000152587891,30.81999969482422,71.95999908447266,38.84363555908203,21.683256149291992,48.40432357788086,87508.828125,2967.03759765625
2026-01,0.055131,1.16,14.900000000000002,5.2301,5.2295,0.33,0.53,0.25,0.1,103.89572,110.02858,98.4657,105.06646,107.02298,110.35236,5.4,174856.0,108522.0,102671.0,5851.0,3562.0,7119925.0,2477119.0,,,181364.0,6939.02978515625,23461.8203125,48892.46875,178.1999969482422,123.8000030517578,410.6499938964844,5.189199924468994,6.203474044799805,4713.89990234375,65.20999908447266,70.69000244140625,1064.25,428.25,332.25,4.241000175476074,4.872000217437744,37.7599983215332,84.31999969482422,45.0727767944336,24.947614669799805,51.60733413696289,78621.1171875,2445.091796875
2026-02,0.055131,1.0,14.9,5.1495,5.1489,0.7,0.17,0.89,1.51,,,,,,,5.8,174968.0,108388.0,102145.0,6243.0,3567.0,7145681.0,2484537.0,,,188787.0,6878.8798828125,22668.2109375,48977.921875,185.16000366210935,126.37999725341795,396.75,5.136600017547607,6.056934833526611,5230.5,67.0199966430664,72.4800033569336,1157.25,438.75,284.6000061035156,3.961999893188477,4.632999897003174,39.33000183105469,88.47000122070312,46.35927963256836,26.879858016967773,49.59173202514648,66995.859375,1965.050537109375
2026-03,0.0547771363636363,1.21,14.797727272727274,5.2194,5.2188,,,,,,,,,,,,,,,,,,,,,187462.0,6528.52001953125,21590.630859375,46341.51171875,184.27999877929688,120.0,380.1499938964844,5.263999938964844,6.027728080749512,4647.60009765625,101.37999725341795,118.3499984741211,1171.0,457.75,298.3500061035156,4.310999870300293,4.890999794006348,48.66999816894531,82.4800033569336,43.46181869506836,23.0,51.0099983215332,68233.3125,2104.708251953125
2026-04,0.054266,0.11,14.65,5.1655,5.1649,,,,,,,,,,,,,,,,,,,,,188052.0,6582.68994140625,21879.1796875,46504.671875,184.3699951171875,119.76000213623048,381.9700012207031,5.158100128173828,5.941999912261963,4702.7001953125,112.05999755859376,109.0500030517578,1162.75,452.0,276.75,4.313000202178955,4.889999866485596,48.150001525878906,83.55000305175781,43.29999923706055,23.38999938964844,50.310001373291016,66845.796875,2036.7042236328125
