date,selic_diaria,selic_acumulada_mes,selic_anualizada_252,dolar_venda,dolar_compra,ipca,ipca_monitorados,ipca_livres,ipca_servicos,ibc_br_sem_ajuste,ibc_br_com_ajuste,ibc_br_industria_sem_ajuste,ibc_br_industria_com_ajuste,ibc_br_servicos_sem_ajuste,ibc_br_servicos_com_ajuste,taxa_desocupacao,pessoas_idade_trabalhar,forca_trabalho,ocupadas,desocupadas,rendimento_real_habitual,credito_total,credito_livre_pf_total,comprometimento_renda_familias,endividamento_familias,ibovespa,sp500,nasdaq,dow_jones,bova11,smal11,ivvb11,usd_brl,eur_brl,ouro,petroleo_wti,petroleo_brent,soja,milho,cafe,treasury_10y,treasury_30y,petr4,vale3,itub4,bbas3,wege3,bitcoin,ethereum
2017-01,0.049115,1.09,13.172727272727274,3.127,3.1264,0.38,0.8,0.25,0.37,89.90485,93.42402,93.88466,98.59235,90.40595,92.26263,12.7,162249.0,101669.0,88798.0,12871.0,3185.0,3085111.0,811156.0,27.65,44.67,64671.0,2278.8701171875,5614.7900390625,19864.08984375,62.38999938964844,60.5,74.36000061035156,3.125499963760376,3.344099998474121,1208.5999755859375,52.810001373291016,55.70000076293945,1024.5,359.75,149.5500030517578,2.450999975204468,3.0510001182556152,3.762676477432251,15.56687831878662,12.510075569152832,8.55759334564209,5.10615873336792,970.4030151367188,
2017-02,0.047865,0.87,12.816666666666668,3.0993,3.0987,0.33,0.58,0.25,0.84,90.44495,94.53745,91.9147,99.47002,88.17817,92.47386,13.3,162390.0,101783.0,88282.0,13501.0,3197.0,3082132.0,807385.0,27.38,44.54,66662.0,2363.639892578125,5825.43994140625,20812.240234375,64.5,63.79999923706055,76.44999694824219,3.105299949645996,3.286600112915039,1252.5999755859375,54.0099983215332,55.59000015258789,1025.0,366.75,140.6999969482422,2.3580000400543213,2.9679999351501465,3.802757978439331,15.828097343444824,13.711812019348145,9.104989051818848,5.449567317962647,1179.969970703125,
2017-03,0.045513,1.05,12.15,3.1684,3.1678,0.25,0.48,0.18,0.34,99.01743,94.6249,101.7575,99.71722,93.26387,92.4439,13.9,162530.0,102010.0,87880.0,14130.0,3211.0,3089526.0,811955.0,27.67,44.54,64984.0,2362.719970703125,5911.740234375,20663.220703125,62.77999877929688,62.77000045776367,76.5,3.147700071334839,3.3612000942230225,1247.300048828125,50.59999847412109,52.83000183105469,946.0,364.25,139.3000030517578,2.3959999084472656,3.0179998874664307,3.629904985427856,14.41072940826416,12.987067222595217,9.316192626953123,5.62716817855835,1071.7900390625,
2017-04,0.0435374444444444,0.79,11.594444444444443,3.1984,3.1978,0.14,-0.6,0.37,0.49,93.36953,94.48351,93.27864,98.97818,89.94231,92.77351,13.7,162656.0,102168.0,88171.0,13998.0,3191.0,3081488.0,808443.0,27.54,44.32,65403.0,2384.199951171875,6047.60986328125,20940.509765625,63.18999862670898,64.9000015258789,78.9000015258789,3.1810998916625977,3.4532999992370605,1266.0999755859375,49.33000183105469,51.72999954223633,945.25,358.0,131.0500030517578,2.282000064849853,2.95199990272522,3.499638557434082,13.73176097869873,13.458419799804688,9.062389373779297,5.724188327789307,1347.8900146484375,
2017-05,0.041957,0.93,11.15,3.2437,3.2431,0.31,1.56,-0.08,0.05,94.65314,94.2596,101.42681,99.13444,93.58601,92.93781,13.4,162796.0,102332.0,88615.0,13717.0,3180.0,3075475.0,816474.0,27.34,44.41,62711.0,2411.800048828125,6198.52001953125,21008.650390625,60.560001373291016,64.37999725341797,81.36000061035156,3.256200075149536,3.635699987411499,1272.0,48.31999969482422,50.310001373291016,916.0,372.0,129.35000610351562,2.196000099182129,2.8570001125335693,3.2466228008270264,13.581796646118164,12.191290855407717,7.872185707092285,6.144608974456787,2286.409912109375,
2017-06,0.03837,0.81,10.15,3.3082,3.3076,-0.23,-0.83,-0.04,0.43,94.31919,94.8732,99.75216,99.9679,93.55391,93.81369,13.1,162930.0,102588.0,89163.0,13425.0,3173.0,3088141.0,820255.0,27.16,44.42,62900.0,2423.409912109375,6140.419921875,21349.630859375,60.93000030517578,64.43000030517578,83.9000015258789,3.3027000427246094,3.776400089263916,1240.699951171875,46.040000915527344,47.91999816894531,942.25,370.5,124.0500030517578,2.302000045776367,2.8399999141693115,3.0988214015960693,14.49658203125,12.608114242553713,7.465993404388428,5.724188327789307,2480.840087890625,
2017-07,0.0378527142857142,0.8,10.007142857142858,3.1307,3.1301,0.24,1.28,-0.09,0.34,96.53844,94.91247,101.85566,99.43161,94.26027,93.93641,12.9,163069.0,102788.0,89535.0,13253.0,3173.0,3062988.0,825413.0,27.04,44.47,65920.0,2470.300048828125,6348.1201171875,21891.119140625,63.720001220703125,69.75,80.55000305175781,3.1777000427246094,3.676100015640259,1266.5999755859375,50.16999816894531,52.650001525878906,994.5,370.75,139.25,2.2920000553131104,2.8980000019073486,3.329292058944702,15.646313667297363,12.808905601501465,7.99529504776001,6.163221836090088,2875.340087890625,
2017-08,0.034749,0.8,9.15,3.1471,3.1465,0.19,1.73,-0.32,0.01,97.75207,94.65483,106.93703,99.66837,95.55361,93.41919,12.7,163199.0,102966.0,89928.0,13039.0,3170.0,3061725.0,830701.0,26.97,44.48,70835.0,2471.64990234375,6428.66015625,21948.099609375,68.41000366210938,75.80000305175781,81.3499984741211,3.158799886703491,3.754300117492676,1316.199951171875,47.22999954223633,52.380001068115234,936.25,342.25,128.14999389648438,2.121000051498413,2.7249999046325684,3.419475555419922,17.535865783691406,13.99416160583496,8.609535217285156,6.657840728759766,4703.39013671875,
2017-09,0.0318266,0.64,8.35,3.168,3.1674,0.16,0.24,0.14,0.5,94.18206,94.65603,102.46728,99.78484,93.75555,93.35895,12.5,163330.0,103070.0,90176.0,12894.0,3183.0,3061845.0,830585.0,26.96,44.32,74294.0,2519.360107421875,6495.9599609375,22405.08984375,71.58000183105469,78.4000015258789,83.44999694824219,3.1809000968933105,3.745699882507324,1281.5,51.66999816894531,57.540000915527344,968.25,355.25,128.0500030517578,2.325999975204468,2.8570001125335693,3.8328194618225098,15.931243896484377,15.040206909179688,9.809508323669434,6.963723659515381,4338.7099609375,
2017-10,0.0305697142857142,0.64,8.007142857142858,3.2769,3.2763,0.42,0.98,0.24,0.37,95.01828,94.86046,105.42677,100.46705,94.8961,93.66464,12.3,163461.0,103166.0,90484.0,12682.0,3191.0,3066751.0,840111.0,26.73,44.39,74308.0,2575.260009765625,6727.669921875,23377.240234375,71.7699966430664,77.4000015258789,88.05999755859375,3.287300109863281,3.827899932861328,1267.0,54.380001068115234,61.369998931884766,973.75,345.75,125.0999984741211,2.375999927520752,2.875,4.2010698318481445,16.046213150024414,14.59422206878662,9.68021297454834,6.943532943725586,6468.39990234375,
2017-11,0.028333,0.57,7.4,3.2616,3.261,0.28,1.32,-0.07,0.12,94.53863,95.04777,102.85642,100.70644,94.6222,93.73701,12.1,163586.0,103415.0,90882.0,12533.0,3203.0,3078605.0,851343.0,26.73,44.52,71971.0,2647.580078125,6873.97021484375,24272.349609375,69.4000015258789,75.2300033569336,90.5,3.244800090789795,3.843100070953369,1273.199951171875,57.400001525878906,63.56999969482422,985.75,341.75,126.3000030517578,2.4170000553131104,2.8320000171661377,3.85286021232605,17.565855026245117,14.32861614227295,8.469603538513184,7.465603351593018,10233.599609375,447.114013671875
2017-12,0.0268514,0.54,7.0,3.308,3.3074,0.44,0.21,0.52,0.6,95.0903,96.18777,93.47548,101.87238,96.39771,94.41382,11.9,163716.0,103345.0,91066.0,12279.0,3199.0,3103339.0,855304.0,26.61,44.35,76402.0,2673.610107421875,6903.39013671875,24719.220703125,73.81999969482422,80.94999694824219,93.5500030517578,3.311100006103516,3.9511001110076895,1306.300048828125,60.41999816894531,66.5999984741211,951.75,350.75,126.1999969482422,2.4049999713897705,2.739000082015991,4.033228397369385,20.34023094177246,14.841008186340332,9.028727531433104,7.8860087394714355,14156.400390625,756.7329711914062
2018-01,0.026481,0.58,6.9,3.1624,3.1618,0.29,0.2,0.32,0.16,92.28505,95.82608,96.81648,101.50262,92.08344,93.98647,12.3,163841.0,103352.0,90684.0,12668.0,3215.0,3076843.0,861962.0,26.59,44.44,84913.0,2823.81005859375,7411.47998046875,26149.390625,82.0,84.19999694824219,94.3000030517578,3.179500102996826,3.944000005722046,1339.0,64.7300033569336,69.05000305175781,995.75,361.5,121.8499984741211,2.720000028610229,2.941999912261963,4.935067653656006,20.94144821166992,18.221330642700195,11.258954048156738,7.751905918121338,10221.099609375,1118.31005859375
2018-02,0.0258100555555555,0.47,6.719444444444445,3.2449,3.2443,0.32,0.55,0.24,0.74,90.82769,95.4541,92.28086,100.87564,89.08384,93.87263,12.7,163970.0,103236.0,90133.0,13102.0,3224.0,3070208.0,858537.0,26.58,44.36,85481.0,2713.830078125,7273.009765625,25029.19921875,82.5,83.6500015258789,92.5999984741211,3.248500108718872,3.973000049591065,1315.5,61.63999938964844,65.77999877929688,1045.0,374.5,121.0500030517578,2.868000030517578,3.127000093460083,5.37596607208252,22.76024436950684,18.352445602416992,11.860490798950195,7.65704870223999,10397.900390625,855.198974609375
2018-03,0.0252857142857142,0.53,6.578571428571429,3.3238,3.3232,0.09,0.23,0.04,0.08,98.72895,95.47645,101.02904,101.24531,93.89018,93.99402,13.2,164099.0,103362.0,89691.0,13671.0,3232.0,3090092.0,864084.0,26.72,44.34,85366.0,2640.8701171875,7063.4501953125,24103.109375,82.43000030517578,83.75,91.66000366210938,3.303499937057495,4.062600135803223,1322.800048828125,64.94000244140625,70.2699966430664,1044.75,387.75,118.1500015258789,2.740999937057495,2.9719998836517334,5.3634419441223145,21.56768226623535,18.69679450988769,11.732391357421877,7.438670635223389,6973.52978515625,396.4570007324219
2018-04,0.02462,0.52,6.4,3.4811,3.4805,0.22,0.6,0.09,0.03,97.03901,96.01352,99.91639,103.0431,93.09574,94.50185,13.0,164214.0,103245.0,89844.0,13401.0,3238.0,3099540.0,871814.0,26.89,44.49,86115.0,2648.050048828125,7066.27001953125,24163.150390625,83.18000030517578,85.56999969482422,97.5999984741211,3.4581000804901123,4.189599990844727,1316.199951171875,68.56999969482422,75.16999816894531,1037.75,392.5,120.6500015258789,2.936000108718872,3.0969998836517334,5.754239559173584,24.86849021911621,18.592905044555664,10.494243621826172,7.604485511779785,9240.5498046875,669.9240112304688
2018-05,0.02462,0.52,6.4,3.737,3.7364,0.4,1.37,0.07,-0.09,92.31211,93.06151,95.95467,95.24077,92.06451,92.32372,12.8,164342.0,103165.0,89951.0,13214.0,3243.0,3113095.0,880161.0,26.94,44.71,76754.0,2705.27001953125,7442.1201171875,24415.83984375,74.06999969482422,76.0,107.37000274658205,3.722100019454956,4.340400218963623,1300.0999755859375,67.04000091552734,77.58999633789062,1018.5,394.0,123.6999969482422,2.822000026702881,2.986000061035156,4.764209270477295,25.86997604370117,15.670612335205078,8.742818832397461,7.347869873046875,7494.169921875,577.64501953125
2018-06,0.02462,0.52,6.4,3.8558,3.8552,1.26,2.49,0.83,0.26,95.72044,95.76894,100.61215,99.86078,94.44771,94.37272,12.6,164466.0,103160.0,90212.0,12948.0,3232.0,3134300.0,884647.0,27.36,44.78,72763.0,2718.3701171875,7510.2998046875,24271.41015625,70.3499984741211,73.19999694824219,111.0,3.859499931335449,4.462600231170654,1251.300048828125,74.1500015258789,79.44000244140625,858.5,350.25,111.5,2.8489999771118164,2.9830000400543213,4.314897537231445,25.33857727050781,14.713205337524414,8.272178649902344,6.950108051300049,6404.0,455.1799926757813
2018-07,0.02462,0.54,6.4,3.7549,3.7543,0.33,0.89,0.13,0.68,98.43305,96.07644,104.07462,100.81518,95.51614,94.56878,12.4,164593.0,103491.0,90632.0,12860.0,3224.0,3129787.0,892986.0,26.98,44.82,79220.0,2816.2900390625,7671.7900390625,25415.189453125,76.44999694824219,77.0,111.58000183105467,3.728100061416626,4.362800121307373,1223.699951171875,68.76000213623047,74.25,903.75,372.25,109.9000015258789,2.96399998664856,3.0829999446868896,4.9499592781066895,28.021129608154297,16.418949127197266,9.383796691894531,7.971052646636963,7780.43994140625,433.8670043945313
2018-08,0.02462,0.57,6.4,4.1353,4.1347,-0.09,0.12,-0.16,-0.16,100.01927,96.82321,108.08596,100.24051,97.57018,95.50719,12.2,164715.0,103785.0,91073.0,12712.0,3237.0,3161546.0,905277.0,26.98,45.08,76678.0,2901.52001953125,8109.5400390625,25964.8203125,74.12000274658203,73.80000305175781,125.1999969482422,4.148600101470947,4.836699962615967,1200.300048828125,69.80000305175781,77.41999816894531,833.0,351.0,98.0999984741211,2.8529999256134038,3.009999990463257,4.846584796905518,28.18744468688965,15.701704025268556,8.7717924118042,8.242354393005371,7037.580078125,283.0039978027344
2018-09,0.02462,0.47,6.4,4.0039,4.0033,0.48,0.96,0.31,0.4,94.84661,96.29736,101.42967,100.0593,94.47082,94.82371,12.0,164841.0,104102.0,91607.0,12495.0,3227.0,3176862.0,905658.0,26.93,45.1,79342.0,2913.97998046875,8046.35009765625,26458.310546875,76.61000061035156,72.5,124.0999984741211,4.01200008392334,4.665200233459473,1191.5,73.25,82.72000122070312,845.5,356.25,102.4499969482422,3.055999994277954,3.197000026702881,5.307086944580078,31.446712493896484,16.39844512939453,8.609014511108398,8.522255897521973,6625.56005859375,232.84800720214844
2018-10,0.02462,0.54,6.4,3.7177,3.7171,0.45,0.54,0.41,0.17,97.74763,96.61507,107.81808,100.81539,96.6557,94.63068,11.8,164967.0,104333.0,91973.0,12361.0,3227.0,3172201.0,919504.0,27.02,45.4,87424.0,2711.739990234375,7305.89990234375,25115.759765625,84.08000183105469,81.5,106.9499969482422,3.694600105285645,4.189499855041504,1212.300048828125,65.30999755859375,75.47000122070312,839.0,363.25,112.6999969482422,3.1589999198913574,3.4019999504089355,6.950295448303223,29.811817169189453,18.30723762512207,12.496955871582031,7.767124176025391,6317.60986328125,197.3809967041016
2018-11,0.02462,0.49,6.4,3.8633,3.8627,-0.21,-1.0,0.07,0.41,96.34561,96.90154,103.51383,101.30154,95.7469,94.72821,11.7,165088.0,104466.0,92247.0,12219.0,3226.0,3210680.0,942140.0,27.12,45.85,89504.0,2760.169921875,7330.5400390625,25538.4609375,86.37000274658203,85.98999786376953,112.9000015258789,3.8510000705718994,4.384699821472168,1220.199951171875,50.93000030517578,58.709999084472656,894.75,366.5,103.25,3.013000011444092,3.311000108718872,6.432308673858643,27.75638198852539,20.09016990661621,13.29853630065918,7.689451217651367,4017.2685546875,113.17141723632812
2018-12,0.02462,0.49,6.4,3.8748,3.8742,0.15,-0.89,0.52,0.62,95.54018,97.04757,92.44318,100.6901,96.98677,95.25775,11.7,165213.0,104367.0,92152.0,12215.0,3243.0,3263335.0,954336.0,27.48,46.06,87887.0,2506.85009765625,6635.27978515625,23327.4609375,84.5999984741211,87.05000305175781,102.6999969482422,3.874200105667114,4.438300132751465,1278.300048828125,45.40999984741211,53.79999923706055,882.5,375.0,101.8499984741211,2.686000108718872,3.0199999809265137,5.927039623260498,26.810142517089844,19.814472198486328,13.893378257751465,7.591135501861572,3742.700439453125,133.36825561523438
2019-01,0.02462,0.54,6.4,3.6519,3.6513,0.32,0.05,0.41,0.51,93.18293,96.96245,97.19334,101.80693,93.04325,95.19373,12.2,165333.0,104344.0,91658.0,12686.0,3264.0,3235610.0,964875.0,27.64,46.3,97394.0,2704.10009765625,7281.740234375,24999.669921875,94.0,95.3000030517578,104.5199966430664,3.6814000606536874,4.227700233459473,1319.699951171875,53.790000915527344,61.88999938964844,915.25,376.5,105.9000015258789,2.634999990463257,3.005000114440918,6.684906482696533,23.91884994506836,21.65436553955078,15.498186111450195,8.153762817382812,3457.792724609375,107.0610122680664
2019-02,0.02462,0.49,6.4,3.7385,3.7379,0.43,0.29,0.48,0.39,93.75182,96.40998,94.79658,100.74332,91.70169,95.14235,12.5,165457.0,104327.0,91237.0,13090.0,3277.0,3246698.0,969103.0,27.73,46.43,95584.0,2784.489990234375,7532.52978515625,25916.0,91.8499984741211,93.37000274658205,111.25,3.727299928665161,4.239099979400635,1312.800048828125,57.220001220703125,66.02999877929688,897.5,362.0,95.1999969482422,2.7109999656677246,3.0829999446868896,7.07167911529541,24.75994873046875,20.659652709960938,15.29176902770996,8.0068359375,3854.785400390625,136.74624633789062
2019-03,0.02462,0.47,6.4,3.8967,3.8961,0.75,0.75,0.75,0.33,97.03415,95.81321,96.27644,100.01195,93.11434,94.81249,12.8,165581.0,104641.0,91203.0,13439.0,3264.0,3272242.0,978556.0,27.61,46.56,95415.0,2834.39990234375,7729.31982421875,25928.6796875,91.80999755859376,93.69000244140624,118.1500015258789,3.897700071334839,4.376599788665772,1293.0,60.13999938964844,68.38999938964844,884.25,356.5,94.5,2.4140000343322754,2.822000026702881,7.333011627197266,26.773345947265625,20.199113845825195,14.76646327972412,7.8442535400390625,4105.404296875,141.51409912109375
2019-04,0.02462,0.52,6.4,3.9453,3.9447,0.57,1.03,0.42,0.32,97.42486,95.77778,97.34536,99.87428,94.00017,95.08445,12.6,165692.0,105015.0,91773.0,13242.0,3247.0,3271867.0,992769.0,27.71,46.79,96353.0,2945.830078125,8095.39013671875,26592.91015625,92.87999725341795,95.0500030517578,122.8499984741211,3.944299936294556,4.40939998626709,1282.800048828125,63.90999984741211,72.80000305175781,841.25,353.25,91.8499984741211,2.509000062942505,2.940000057220459,7.089718818664551,26.33702087402344,19.85575485229492,15.057429313659668,8.09700870513916,5350.7265625,162.16603088378906
2019-05,0.02462,0.54,6.4,3.9407,3.9401,0.13,1.16,-0.23,-0.11,97.38199,97.11612,102.98926,100.50787,95.95218,95.4758,12.4,165815.0,105341.0,92293.0,13049.0,3222.0,3291074.0,1009374.0,27.99,47.14,97030.0,2752.06005859375,7453.14990234375,24815.0390625,93.58999633789062,96.8000030517578,115.0500030517578,3.9800000190734863,4.427700042724609,1305.800048828125,53.5,64.48999786376953,877.75,427.0,104.5999984741211,2.1419999599456787,2.5829999446868896,6.707070350646973,25.758764266967773,20.551572799682617,15.848676681518556,8.30183219909668,8574.501953125,268.1135559082031
2019-06,0.02462,0.47,6.4,3.8322,3.8316,0.01,-0.19,0.08,0.34,94.46187,96.60028,97.0563,99.8216,93.87845,95.27481,12.1,165934.0,105460.0,92662.0,12797.0,3219.0,3301500.0,1016608.0,28.89,47.36,100967.0,2941.760009765625,8006.240234375,26599.9609375,97.11000061035156,103.5999984741211,119.6999969482422,3.815999984741211,4.339499950408936,1409.699951171875,58.470001220703125,66.55000305175781,899.75,420.25,108.25,2.0,2.5280001163482666,7.195335388183594,27.24120712280273,21.300561904907227,16.541011810302734,9.308510780334473,10817.1552734375,290.69598388671875
2019-07,0.02462,0.57,6.4,3.7649,3.7643,0.19,0.4,0.11,0.46,99.98596,96.39897,103.71996,98.5399,97.08697,95.32902,11.9,166056.0,105476.0,92875.0,12600.0,3210.0,3296089.0,1033367.0,28.76,47.59,101812.0,2980.3798828125,8175.419921875,26864.26953125,97.9800033569336,110.25,121.11000061035156,3.789299964904785,4.225900173187256,1426.0999755859375,58.58000183105469,65.16999816894531,864.0,400.25,99.6500015258789,2.0209999084472656,2.5269999504089355,6.8462018966674805,26.1845703125,20.463111877441406,15.09359073638916,10.441269874572754,10085.6279296875,218.65414428710935
2019-08,0.022751,0.5,5.9,4.1385,4.1379,0.11,0.6,-0.06,0.07,99.30194,96.63398,106.31445,99.13929,97.09878,95.42797,11.9,166176.0,105584.0,92972.0,12612.0,3223.0,3332876.0,1048878.0,29.01,47.88,101135.0,2926.4599609375,7962.8798828125,26403.279296875,97.61000061035156,111.5,129.0800018310547,4.168099880218506,4.6072998046875,1519.0999755859375,55.09999847412109,60.43000030517578,857.0,358.0,93.5999984741211,1.50600004196167,1.9700000286102293,6.746549606323242,23.95564842224121,20.413503646850582,14.314645767211914,9.862659454345703,9630.6640625,172.46978759765625
2019-09,0.0220351904761904,0.46,5.70952380952381,4.1644,4.1638,-0.04,0.12,-0.1,0.05,96.56002,96.95598,102.90072,99.71997,95.99197,95.42501,11.9,166301.0,105771.0,93191.0,12581.0,3226.0,3368627.0,1060473.0,28.91,48.07,104745.0,2976.739990234375,7999.33984375,26916.830078125,101.01000213623048,112.8000030517578,131.52000427246094,4.157100200653076,4.537499904632568,1465.699951171875,54.06999969482422,60.77999877929688,906.0,388.0,101.1500015258789,1.6749999523162842,2.121000051498413,7.288919448852539,25.10165023803711,21.078414916992188,14.15115451812744,10.638813018798828,8293.8681640625,179.87220764160156
2019-10,0.0207899565217391,0.48,5.378260869565217,4.0041,4.0035,0.1,-0.11,0.18,0.19,99.88081,98.09123,108.97325,100.705,98.69295,96.0281,11.7,166426.0,105922.0,93479.0,12443.0,3247.0,3380207.0,1076075.0,29.12,48.41,107220.0,3037.56005859375,8292.3603515625,27046.23046875,103.2300033569336,115.56999969482422,130.0,3.9862000942230233,4.443399906158447,1511.4000244140625,54.18000030517578,60.22999954223633,916.75,390.0,101.9499969482422,1.690999984741211,2.1760001182556152,8.040298461914062,24.812522888183597,21.8098201751709,14.978633880615234,11.19644260406494,9199.5849609375,183.9669189453125
2019-11,0.018985,0.38,4.9,4.224,4.2234,0.51,0.97,0.35,0.2,97.26186,97.92914,102.67412,100.49597,97.08988,95.98723,11.3,166546.0,105759.0,93828.0,11931.0,3260.0,3423180.0,1091609.0,29.16,48.73,108233.0,3140.97998046875,8665.4697265625,28051.41015625,104.3499984741211,121.1999969482422,143.60000610351562,4.188000202178955,4.609399795532227,1465.5999755859375,55.16999816894531,62.43000030517578,876.75,371.25,118.5500030517578,1.7760000228881836,2.20199990272522,7.7634596824646,26.27393913269043,20.957658767700195,14.990852355957031,13.356695175170898,7569.6298828125,152.53968811035156
2019-12,0.0178112857142857,0.37,4.590476190476191,4.0307,4.0301,1.15,0.35,1.43,0.73,96.42316,97.51674,92.05117,99.86998,98.18326,95.72199,11.1,166670.0,105617.0,93920.0,11698.0,3249.0,3475816.0,1111976.0,28.9,48.82,115964.0,3230.780029296875,8972.599609375,28538.439453125,111.2300033569336,136.44000244140625,138.7100067138672,4.015710830688477,4.498600006103516,1519.5,61.060001373291016,66.0,943.0,387.75,129.6999969482422,1.919000029563904,2.388999938964844,8.149018287658691,28.761693954467773,22.37603759765625,16.62294578552246,15.23556900024414,7193.59912109375,129.61085510253906
2020-01,0.017089,0.38,4.4,4.2695,4.2689,0.21,0.51,0.11,0.28,93.56467,97.61698,95.0715,99.96646,93.85866,96.08623,11.3,166790.0,105497.0,93524.0,11973.0,3260.0,3465204.0,1124016.0,28.67,48.91,113761.0,3225.52001953125,9150.9404296875,28256.029296875,108.9000015258789,136.91000366210938,148.10000610351562,4.242199897766113,4.67710018157959,1582.9000244140625,51.560001373291016,58.15999984741211,872.5,381.25,102.6500015258789,1.5199999809265137,2.015000104904175,7.681892395019531,27.12664604187012,19.80265998840332,15.275995254516602,17.323532104492188,9350.529296875,180.16017150878903
2020-02,0.0162956666666666,0.29,4.191666666666666,4.4987,4.4981,0.25,-0.28,0.43,0.68,94.02127,97.75526,94.30572,101.1245,91.73312,96.22889,11.7,166913.0,105468.0,93076.0,12392.0,3268.0,3484597.0,1128787.0,29.04,49.05,104172.0,2954.219970703125,8567.3701171875,25409.359375,100.5999984741211,125.9000015258789,141.55999755859375,4.484799861907959,4.930799961090088,1564.0999755859375,44.7599983215332,50.52000045776367,883.5,366.5,110.0999984741211,1.1269999742507937,1.6710000038146973,6.8421502113342285,23.9105167388916,19.9061279296875,14.879958152770996,19.03164291381836,8599.5087890625,219.8485107421875
2020-03,0.0153556363636363,0.34,3.945454545454545,5.1987,5.1981,0.07,-0.22,0.17,-0.14,95.2606,91.2801,94.27248,94.80103,91.29957,90.98822,12.4,167036.0,104448.0,91523.0,12925.0,3295.0,3583277.0,1129575.0,30.12,49.4,73020.0,2584.590087890625,7700.10009765625,21917.16015625,69.3499984741211,78.70999908447266,144.6199951171875,5.192699909210205,5.725100040435791,1583.4000244140625,20.479999542236328,22.739999771118164,886.0,340.75,119.5500030517578,0.6980000138282776,1.35099995136261,3.7774930000305176,23.32233047485352,14.37024974822998,8.900830268859863,14.820157051086426,6438.64453125,133.59356689453125
2020-04,0.014227,0.28,3.65,5.427,5.4264,-0.31,-2.06,0.31,0.25,83.69415,82.96529,77.30537,80.12411,82.84684,84.70745,12.7,167151.0,101515.0,88585.0,12930.0,3335.0,3584114.0,1105431.0,30.46,49.18,80506.0,2912.429931640625,8889.5498046875,24345.720703125,77.20999908447266,90.41999816894533,170.5,5.334799766540527,5.80079984664917,1684.199951171875,18.84000015258789,25.270000457763672,850.25,311.5,104.6500015258789,0.621999979019165,1.2660000324249268,4.873748302459717,24.20730209350586,14.180302619934082,9.09550666809082,17.632320404052734,8658.5537109375,207.60205078125
2020-05,0.0117773,0.24,3.0125,5.4263,5.4257,-0.38,-1.02,-0.16,-0.45,84.23727,85.49151,83.45838,83.62221,84.82222,85.5219,13.1,167273.0,98076.0,85226.0,12850.0,3393.0,3596217.0,1099272.0,29.87,49.21,87403.0,3044.31005859375,9489.8701171875,25383.109375,84.1500015258789,94.6500015258789,175.64999389648438,5.403600215911865,5.983799934387207,1751.699951171875,35.4900016784668,35.33000183105469,840.75,325.75,96.3000030517578,0.6480000019073486,1.406999945640564,5.4920806884765625,28.599803924560547,14.35790729522705,9.842294692993164,18.466707229614254,9461.05859375,230.9757080078125
2020-06,0.0101008571428571,0.21,2.5785714285714283,5.476,5.4754,0.26,0.89,0.04,-0.26,88.85641,89.37391,89.84632,90.52032,88.32247,88.40728,13.6,167391.0,95589.0,82610.0,12979.0,3445.0,3623349.0,1106100.0,28.81,49.38,95056.0,3100.2900390625,10058.76953125,25812.880859375,91.62000274658205,107.8000030517578,181.72000122070312,5.402100086212158,6.073800086975098,1800.5,39.27000045776367,41.150001525878906,884.25,338.5,100.0500030517578,0.652999997138977,1.409000039100647,5.818797588348389,30.175485610961918,15.870089530944824,10.260368347167969,22.35990524291992,9137.9931640625,226.31500244140625
2020-07,0.008442,0.19,2.15,5.2033,5.2027,0.36,1.23,0.06,-0.1,95.42899,91.74601,101.78818,96.05794,91.51554,89.80951,14.1,167513.0,94612.0,81285.0,13327.0,3485.0,3670793.0,1117570.0,28.68,50.18,102912.0,3271.1201171875,10745.26953125,26428.3203125,99.29000091552734,118.0,183.67999267578125,5.153900146484375,6.116300106048584,1962.800048828125,40.27000045776367,43.29999923706055,897.5,316.0,118.9499969482422,0.5360000133514404,1.1979999542236328,5.994426727294922,32.76026916503906,16.77793312072754,10.716741561889648,29.812442779541016,11323.466796875,345.5546569824219
2020-08,0.0076079999999999,0.16,1.9357142857142855,5.4713,5.4707,0.24,0.78,0.06,-0.47,94.95091,93.50575,103.46001,98.17323,91.89781,91.04272,14.8,167628.0,95172.0,81129.0,14043.0,3482.0,3742633.0,1134704.0,29.33,51.11,99369.0,3500.31005859375,11775.4599609375,28430.05078125,95.6999969482422,116.0,207.1499938964844,5.389999866485596,6.411399841308594,1978.5999755859373,42.61000061035156,45.27999877929688,951.25,348.5,129.8000030517578,0.6930000185966492,1.4520000219345093,5.910721778869629,32.2044563293457,14.7344388961792,10.561614990234377,28.604007720947266,11680.8203125,435.0797424316406
2020-09,0.0074689999999999,0.16,1.9,5.6407,5.6401,0.64,0.13,0.81,0.17,95.78315,95.3682,104.82405,100.19391,93.60604,92.45822,14.9,167744.0,96267.0,81954.0,14313.0,3485.0,3821510.0,1152851.0,30.1,52.22,94603.0,3363.0,11167.509765625,27781.69921875,91.0500030517578,110.3499984741211,203.97999572753903,5.630499839782715,6.609600067138672,1895.5,40.220001220703125,40.95000076293945,1023.5,379.0,110.9499969482422,0.6769999861717224,1.4509999752044678,5.295078277587891,33.23024368286133,14.086458206176758,9.612364768981934,29.09768486022949,10784.4912109375,359.9378662109375
2020-10,0.0074689999999999,0.16,1.9,5.7718,5.7712,0.86,0.23,1.08,0.55,97.82271,97.31518,108.68725,101.59725,95.65983,93.93017,14.6,167860.0,98046.0,83767.0,14279.0,3434.0,3879416.0,1175274.0,30.32,53.39,93952.0,3269.9599609375,10911.58984375,26501.599609375,90.66000366210938,107.8000030517578,202.6000061035156,5.7778000831604,6.744200229644775,1879.9000244140625,35.790000915527344,37.459999084472656,1056.5,398.5,104.4000015258789,0.8600000143051147,1.6399999856948853,5.114164352416992,34.03977584838867,14.70981502532959,9.67077922821045,33.584129333496094,13780.9951171875,386.59033203125
2020-11,0.007469,0.15,1.9,5.3317,5.3311,0.89,0.41,1.06,0.39,96.62637,97.52276,102.4381,100.37876,95.59377,94.52618,14.3,167971.0,99260.0,85025.0,14235.0,3399.0,3957987.0,1209351.0,30.84,54.99,108888.0,3621.6298828125,12198.740234375,29638.640625,105.0,126.6999969482422,210.0,5.34250020980835,6.389400005340576,1775.699951171875,45.34000015258789,47.59000015258789,1168.5,419.75,120.6999969482422,0.843999981880188,1.5729999542236328,6.723480701446533,43.849754333496094,17.903776168823242,11.051841735839844,32.58320236206055,19625.8359375,614.842529296875
2020-12,0.007469,0.16,1.9,5.1967,5.1961,1.35,2.04,1.11,0.83,97.50542,97.63989,96.83369,102.97129,97.61283,94.49402,14.2,168086.0,99804.0,85669.0,14135.0,3350.0,4021333.0,1228766.0,31.24,56.45,119306.0,3756.070068359375,12888.2802734375,30606.48046875,114.6500015258789,135.3000030517578,210.0399932861328,5.190838813781738,6.384300231933594,1895.0999755859373,48.52000045776367,51.79999923706055,1315.25,484.0,128.25,0.9169999957084656,1.6460000276565552,7.652343273162842,49.16231536865234,19.87903213500977,12.70285701751709,33.561256408691406,29001.720703125,737.8034057617188
2021-01,0.007469,0.15,1.9,5.4759,5.4753,0.25,-0.29,0.44,0.07,91.88341,97.80906,96.85115,104.96427,91.46228,94.95233,14.4,168197.0,100114.0,85648.0,14466.0,3333.0,4018486.0,1233473.0,31.03,57.07,116007.0,3714.239990234375,13070.6904296875,29982.619140625,110.55999755859376,130.0,220.0,5.437989234924316,6.589499950408936,1847.300048828125,52.20000076293945,55.880001068115234,1370.0,547.0,122.9499969482422,1.093000054359436,1.8580000400543213,7.206814289093018,49.44340896606445,17.85034942626953,11.08553409576416,37.128299713134766,33114.359375,1314.9862060546875
2021-02,0.007469,0.13,1.9,5.5302,5.5296,0.86,1.69,0.57,0.55,94.06464,98.7304,94.26005,103.64234,90.34473,95.47646,14.6,168312.0,100357.0,85709.0,14648.0,3299.0,4045800.0,1241099.0,30.41,57.54,110035.0,3811.14990234375,13192.349609375,30932.369140625,105.58999633789062,127.16000366210938,231.0,5.528025150299072,6.722599983215332,1728.800048828125,61.5,66.12999725341797,1405.25,555.5,136.85000610351562,1.4600000381469729,2.181999921798706,6.005228042602539,53.13690948486328,16.19305992126465,9.324348449707031,34.5848503112793,45137.76953125,1416.0489501953125
2021-03,0.0087342173913043,0.2,2.226086956521739,5.6973,5.6967,0.93,2.81,0.28,0.12,101.09039,95.32833,101.32917,100.19776,93.80241,92.71117,14.9,168426.0,100476.0,85497.0,14979.0,3311.0,4106923.0,1254077.0,30.46,57.99,116634.0,3972.889892578125,13246.8701171875,32981.55078125,112.22679901123048,134.15423583984375,245.47000122070312,5.771599769592285,6.763400077819824,1713.800048828125,59.15999984741211,63.540000915527344,1436.75,564.25,123.5,1.746000051498413,2.424999952316284,6.507462501525879,57.557613372802734,17.769765853881836,10.17147731781006,33.202362060546875,58918.83203125,1918.362060546875
2021-04,0.010379,0.21,2.65,5.4036,5.403,0.31,0.38,0.28,0.05,97.40195,96.34089,95.96192,99.72103,92.22676,94.12384,14.8,168528.0,100795.0,85880.0,14915.0,3271.0,4127515.0,1269101.0,29.96,58.27,118894.0,4181.169921875,13962.6796875,33874.8515625,114.4000015258789,140.5,247.0,5.336400032043457,6.467899799346924,1767.699951171875,63.58000183105469,67.25,1571.0,740.0,139.9499969482422,1.63100004196167,2.3010001182556152,6.5925068855285645,64.04949951171875,17.536176681518555,9.900904655456545,31.180662155151367,57750.17578125,2773.20703125
2021-05,0.0128561428571428,0.27,3.2928571428571423,5.2322,5.2316,0.83,2.11,0.37,-0.15,96.01473,97.02522,100.34163,99.9154,94.85316,95.33533,14.7,168642.0,101491.0,86536.0,14955.0,3261.0,4177240.0,1296883.0,30.69,59.26,126216.0,4204.10986328125,13748.740234375,34529.44921875,121.25,149.36000061035156,238.0,5.23799991607666,6.366000175476074,1902.5,66.31999969482422,69.62999725341797,1530.5,656.75,162.35000610351562,1.5809999704360962,2.263000011444092,7.499603748321533,67.43351745605469,18.858078002929688,11.328890800476074,30.41473197937012,37332.85546875,2714.9453125
2021-06,0.0146347142857142,0.31,3.7571428571428576,5.0022,5.0016,0.53,0.81,0.43,0.23,96.4674,96.75584,98.54249,98.97673,95.98404,95.94343,14.2,168751.0,102315.0,87743.0,14572.0,3208.0,4214012.0,1318772.0,30.14,59.55,126802.0,4297.5,14503.9501953125,34502.51171875,121.80999755859376,150.0,232.5,4.955100059509277,5.894999980926514,1771.5999755859375,73.47000122070312,75.12999725341797,1450.0,720.0,159.35000610351562,1.4429999589920044,2.065000057220459,8.214118003845215,67.84857177734375,19.033735275268555,10.920819282531738,30.02339744567871,35040.8359375,2274.547607421875
2021-07,0.016137,0.36,4.15,5.1216,5.121,0.96,1.68,0.69,0.67,99.8352,96.42565,102.88855,97.64007,97.38077,95.8714,13.7,168864.0,103150.0,88992.0,14157.0,3186.0,4271865.0,1342740.0,29.94,59.17,121801.0,4395.259765625,14672.6796875,34935.46875,117.11000061035156,141.8000030517578,250.3500061035156,5.080399990081787,6.038700103759766,1812.5999755859373,73.94999694824219,76.33000183105469,1414.75,547.0,179.5500030517578,1.2389999628067017,1.8969999551773071,7.510767459869385,65.15859985351562,19.362838745117188,10.750872611999512,31.823562622070312,41626.1953125,2536.2099609375
2021-08,0.0194127727272727,0.43,5.013636363636365,5.1433,5.1427,0.87,0.95,0.85,0.39,99.19351,97.02202,105.42076,99.31045,97.50405,95.92454,13.2,168974.0,103667.0,90033.0,13634.0,3140.0,4346060.0,1374948.0,30.15,59.9,118781.0,4522.68017578125,15259.240234375,35360.73046875,114.08000183105467,136.3300018310547,254.0,5.182899951934815,6.1118998527526855,1818.0999755859373,68.5,72.98999786376953,1298.75,534.0,193.4499969482422,1.3040000200271606,1.9270000457763672,8.040912628173828,59.11961364746094,19.848575592041016,10.464570999145508,31.830883026123047,47166.6875,3433.732666015625
2021-09,0.0210034285714285,0.44,5.435714285714286,5.4394,5.4388,1.16,1.93,0.88,0.63,97.10777,96.96513,103.99854,98.89,96.74302,95.82333,12.7,169089.0,104483.0,91265.0,13218.0,3084.0,4441056.0,1406169.0,,,110979.0,4307.5400390625,14448.580078125,33843.921875,106.48999786376952,127.4000015258789,255.0,5.414299964904785,6.278500080108643,1757.0,75.02999877929688,78.5199966430664,1256.0,536.75,194.0,1.5290000438690186,2.0920000076293945,8.052741050720215,50.420387268066406,18.5681266784668,10.000773429870604,35.491844177246094,43790.89453125,3001.678955078125
2021-10,0.0242439,0.49,6.3,5.643,5.6424,1.25,1.35,1.21,1.04,96.53041,97.48671,101.94409,97.04942,97.19831,96.41037,12.1,169203.0,104904.0,92230.0,12675.0,3041.0,4511956.0,1440803.0,,,103501.0,4605.3798828125,15498.3896484375,35819.55859375,99.68000030517578,111.1999969482422,283.0,5.644899845123291,6.5929999351501465,1783.9000244140625,83.56999969482422,84.37999725341797,1235.75,568.25,203.9499969482422,1.5570000410079956,1.9420000314712524,8.029084205627441,47.35837936401367,14.968810081481934,9.862354278564451,33.13646697998047,61318.95703125,4288.07421875
2021-11,0.0292559999999999,0.59,7.65,5.6199,5.6193,0.95,2.3,0.44,0.27,97.85277,99.05526,100.62178,98.7998,98.91355,97.90666,11.6,169314.0,105368.0,93184.0,12183.0,3005.0,4597507.0,1485103.0,,,101915.0,4567.0,15537.6904296875,34483.71875,98.3499984741211,108.8000030517578,280.54998779296875,5.6006999015808105,6.322299957275391,1773.5999755859375,66.18000030517578,70.56999969482422,1217.25,567.0,233.25,1.4429999589920044,1.7869999408721924,8.703349113464355,46.26056671142578,14.555305480957031,11.169530868530272,28.86454200744629,57005.42578125,4631.47900390625
2021-12,0.0333160434782608,0.77,8.758695652173914,5.5805,5.5799,0.73,0.05,0.98,0.79,99.32258,99.37716,94.82519,99.94808,101.81159,98.31431,11.1,169428.0,105781.0,93988.0,11793.0,2982.0,4682852.0,1511016.0,,,104822.0,4766.18017578125,15644.9697265625,36338.30078125,100.8000030517578,113.3000030517578,293.5599975585937,5.570199966430664,6.304900169372559,1828.5999755859373,75.20999908447266,77.77999877929688,1328.75,593.25,226.1000061035156,1.5119999647140503,1.9049999713897705,9.451431274414062,51.557884216308594,13.636032104492188,10.17587947845459,29.563377380371094,46306.4453125,3682.6328125
2022-01,0.034749,0.73,9.15,5.3574,5.3568,0.54,-0.35,0.87,0.39,91.67776,97.4213,91.68929,99.11595,94.1403,97.47004,11.2,169538.0,105504.0,93679.0,11824.0,3011.0,4682131.0,1525461.0,,,112388.0,4515.5498046875,14239.8798828125,35131.859375,107.9800033569336,117.0,260.3999938964844,5.362599849700928,5.9781999588012695,1795.0,88.1500015258789,91.20999908447266,1490.5,626.0,235.1000061035156,1.781999945640564,2.0980000495910645,10.747056007385254,53.48237609863281,16.50080680847168,11.519732475280762,28.82832908630371,38483.125,2688.27880859375
2022-02,0.0395975789473684,0.76,10.492105263157894,5.1394,5.1388,1.01,0.12,1.34,1.36,95.63729,98.4804,92.19338,99.09216,93.96504,98.04639,11.2,169651.0,105281.0,93490.0,11791.0,3019.0,4727818.0,1535322.0,,,113142.0,4373.93994140625,13751.400390625,33892.6015625,108.9000015258789,111.04000091552734,245.5,5.15939998626709,5.814000129699707,1900.699951171875,95.72000122070312,100.98999786376952,1644.25,697.5,234.25,1.83899998664856,2.181999921798706,11.295205116271973,61.02824020385742,16.612464904785156,12.419158935546877,26.53692626953125,43193.234375,2919.201171875
2022-03,0.0419535,0.93,11.15,4.7378,4.7372,1.62,2.65,1.24,0.45,104.53237,99.54802,100.28587,101.12136,98.90313,98.88015,11.1,169764.0,105248.0,93523.0,11725.0,3035.0,4794583.0,1566329.0,,,119999.0,4530.41015625,14220.51953125,34678.3515625,115.5999984741211,120.94000244140624,235.6499938964844,4.769700050354004,5.319799900054932,1949.199951171875,100.27999877929688,107.91000366210938,1618.25,748.75,226.3999938964844,2.32699990272522,2.447999954223633,11.112491607666016,65.65455627441406,17.93589210510254,12.611818313598633,31.50946807861328,45538.67578125,3281.642822265625
2022-04,0.043739,0.83,11.65,4.9191,4.9185,1.06,0.55,1.24,0.66,100.22938,99.44118,96.32026,100.9647,96.43555,98.86952,10.5,169866.0,105866.0,94729.0,11137.0,3024.0,4833732.0,1594745.0,,,107876.0,4131.93017578125,12334.6396484375,32977.2109375,103.4000015258789,110.5999984741211,224.1000061035156,4.93779993057251,5.183700084686279,1911.699951171875,104.69000244140624,109.33999633789062,1708.25,818.25,222.5500030517578,2.88700008392334,2.947000026702881,11.004919052124023,57.20050048828125,15.58970546722412,12.073909759521484,27.19917297363281,37714.875,2730.186767578125
2022-05,0.0467962727272727,1.03,12.513636363636364,4.7289,4.7283,0.47,-0.51,0.83,0.85,99.74383,99.6454,101.69329,99.6841,99.57408,99.21443,9.8,169978.0,106143.0,95709.0,10434.0,3034.0,4889397.0,1626279.0,,,111351.0,4132.14990234375,12081.3896484375,32990.12109375,107.18000030517578,109.3000030517578,214.5,4.752399921417236,5.117599964141846,1842.699951171875,114.66999816894533,122.83999633789062,1683.25,753.5,231.25,2.844000101089477,3.056999921798706,12.174528121948242,59.20585250854492,17.09795570373535,13.546097755432127,22.92501640319824,31792.310546875,1942.3280029296875
2022-06,0.0481161428571428,1.02,12.88809523809524,5.238,5.2374,0.67,0.48,0.74,0.9,99.31653,99.51048,99.71946,99.52429,99.60078,99.5759,9.3,170087.0,106340.0,96445.0,9895.0,3053.0,4965603.0,1645526.0,,,98542.0,3785.3798828125,11028.740234375,30775.4296875,95.0,91.33000183105467,216.6999969482422,5.180900096893311,5.409800052642822,1807.300048828125,105.76000213623048,114.80999755859376,1675.0,743.75,233.6000061035156,2.9719998836517334,3.11899995803833,11.311864852905272,52.57858276367188,14.82692527770996,12.439817428588867,23.940105438232425,19784.7265625,1067.298828125
2022-07,0.049037,1.03,13.150000000000002,5.1884,5.1878,-0.68,-4.35,0.65,0.8,103.95991,101.43172,104.34619,100.70253,101.82962,100.92988,9.1,170199.0,106533.0,96833.0,9700.0,3088.0,4999244.0,1666145.0,,,103165.0,4130.2900390625,12390.6904296875,32845.12890625,99.3000030517578,95.6500015258789,234.5,5.182700157165527,5.279699802398682,1762.9000244140625,98.62000274658205,110.01000213623048,1637.0,616.25,217.1999969482422,2.6419999599456787,2.9739999771118164,13.831011772155762,47.9017333984375,15.46029281616211,13.405035972595217,25.509483337402344,23336.896484375,1681.517333984375
2022-08,0.0505596086956521,1.17,13.584782608695653,5.179,5.1784,-0.36,-2.55,0.39,0.28,104.51156,101.10583,107.99822,99.89651,103.94291,101.39732,8.9,170309.0,106685.0,97179.0,9506.0,3118.0,5072711.0,1689513.0,,,109523.0,3955.0,11816.2001953125,31510.4296875,105.83000183105467,106.8000030517578,226.0,5.1219000816345215,5.131800174713135,1726.199951171875,89.55000305175781,96.48999786376952,1507.5,673.75,239.1000061035156,3.132999897003174,3.255000114440918,16.527786254882812,46.59212112426758,17.098554611206055,15.837639808654783,25.73692321777344,20049.763671875,1553.6849365234375
2022-09,0.050788,1.07,13.650000000000002,5.4066,5.406,-0.29,-1.21,0.02,0.4,101.1889,101.16034,104.67834,99.7837,102.79266,101.55245,8.7,170426.0,106708.0,97435.0,9273.0,3160.0,5164775.0,1707991.0,,,110037.0,3585.6201171875,10575.6201171875,28725.509765625,106.45999908447266,105.44000244140624,213.5,5.396200180053711,5.303100109100342,1672.0,79.48999786376953,87.95999908447266,1364.75,677.5,221.5500030517578,3.803999900817871,3.765000104904175,14.82179355621338,52.038692474365234,18.60184669494629,14.731313705444336,29.28173065185547,19431.7890625,1327.9786376953125
2022-10,0.050788,1.02,13.65,5.257,5.2564,0.59,0.18,0.73,0.67,100.08177,101.44171,104.96129,100.59999,102.37854,101.54994,8.3,170543.0,106663.0,97821.0,8841.0,3184.0,5215990.0,1739579.0,,,116037.0,3871.97998046875,10988.150390625,32732.94921875,112.1500015258789,112.5,220.2400054931641,5.28849983215332,5.27370023727417,1640.699951171875,86.52999877929688,94.83000183105467,1407.0,691.5,177.6999969482422,4.077000141143799,4.203999996185303,14.82676601409912,48.491920471191406,20.16579246520996,14.15766429901123,36.69782638549805,20495.7734375,1572.7144775390625
2022-11,0.050788,1.02,13.65,5.2941,5.2935,0.41,1.0,0.21,0.13,99.15032,100.7146,101.44108,99.86469,101.95967,101.09128,8.1,170656.0,106415.0,97843.0,8572.0,3216.0,5285657.0,1763714.0,,,112486.0,4080.110107421875,11468.0,34589.76953125,108.58000183105467,99.9800033569336,233.25,5.268199920654297,5.436200141906738,1746.0,80.55000305175781,85.43000030517578,1469.5,662.0,167.6999969482422,3.703000068664551,3.822000026702881,14.18638801574707,61.91334915161133,17.25708770751953,13.80788230895996,35.53166961669922,17168.56640625,1295.6885986328125
2022-12,0.0507879999999999,1.12,13.65,5.2177,5.2171,0.62,0.27,0.74,0.44,99.97037,100.58818,94.67335,99.90711,104.47771,101.14695,7.9,170772.0,105927.0,97517.0,8410.0,3223.0,5366069.0,1774592.0,,,110031.0,3839.5,10466.48046875,33147.25,105.9499969482422,96.5199966430664,225.0,5.284599781036377,5.632999897003174,1826.199951171875,80.26000213623047,85.91000366210938,1519.25,678.5,167.3000030517578,3.878999948501587,3.974999904632568,13.037005424499512,64.4217300415039,16.933259963989258,13.733055114746094,35.13623046875,16547.49609375,1196.771240234375
2023-01,0.0507879999999999,1.12,13.65,5.0993,5.0987,0.53,0.72,0.46,0.6,95.09953,100.10988,93.01285,99.29422,97.74714,100.35361,8.4,170885.0,105612.0,96788.0,8823.0,3237.0,5373231.0,1793873.0,,,113532.0,4076.60009765625,11584.5498046875,34086.0390625,109.83999633789062,99.44000244140624,228.1999969482422,5.1149001121521,5.547100067138672,1929.5,78.87000274658203,84.48999786376953,1538.0,679.75,181.75,3.5290000438690186,3.66100001335144,13.872435569763184,68.50244903564453,17.168903350830078,16.093730926513672,34.889888763427734,23139.283203125,1586.535400390625
2023-02,0.050788,0.92,13.65,5.2078,5.2072,0.84,0.84,0.84,1.41,98.64798,103.07987,91.51557,100.76932,95.75539,101.21941,8.6,171000.0,105321.0,96274.0,9047.0,3238.0,5370950.0,1793773.0,,,104932.0,3970.14990234375,11455.5400390625,32656.69921875,101.1500015258789,88.36000061035156,229.3000030517578,5.199699878692627,5.513999938964844,1836.699951171875,77.05000305175781,83.88999938964844,1490.5,629.5,190.3999938964844,3.9159998893737793,3.930999994277954,13.430770874023438,61.84138107299805,17.248706817626953,16.254825592041016,35.93454360961914,23147.353515625,1605.8951416015625
2023-03,0.050788,1.17,13.65,5.0804,5.0798,0.71,2.33,0.17,0.25,110.61922,103.08494,101.88862,99.92786,102.83164,101.48835,8.8,171116.0,105225.0,95978.0,9247.0,3247.0,5424811.0,1809985.0,,,101882.0,4109.31005859375,12221.91015625,33274.1484375,98.48999786376952,87.81999969482422,229.75,5.092700004577637,5.551799774169922,1969.0,75.66999816894531,79.7699966430664,1505.5,660.5,170.5,3.49399995803833,3.688999891281128,12.478276252746582,59.47358703613281,16.984575271606445,15.92176342010498,37.259803771972656,28478.484375,1822.0220947265625
2023-04,0.050788,0.92,13.65,5.0007,5.0001,0.61,0.86,0.52,0.52,104.04095,103.93573,94.66149,100.55312,98.58403,101.83411,8.5,171220.0,105092.0,96176.0,8916.0,3232.0,5426307.0,1818303.0,,,104432.0,4169.47998046875,12226.580078125,34098.16015625,100.9000015258789,89.0,229.75,4.976200103759766,5.48829984664917,1999.0999755859373,76.77999877929688,79.54000091552734,1444.25,636.0,189.8500061035156,3.45199990272522,3.677999973297119,14.206189155578612,53.62919235229492,17.807374954223633,17.448396682739258,37.78355026245117,29268.806640625,1876.92431640625
2023-05,0.0507879999999999,1.12,13.65,5.0959,5.0953,0.23,0.71,0.07,-0.06,102.71375,102.42973,103.86068,101.50909,102.41425,102.01865,8.3,171334.0,105301.0,96535.0,8767.0,3228.0,5453708.0,1842198.0,,,108335.0,4179.830078125,12935.2900390625,32908.26953125,104.83999633789062,100.5,233.25,5.034800052642822,5.401199817657471,1963.9000244140625,68.08999633789062,72.66000366210938,1299.75,594.0,178.64999389648438,3.63700008392334,3.8559999465942383,15.656777381896973,47.26628494262695,18.101367950439453,18.16489791870117,34.558353424072266,27219.658203125,1874.1304931640625
2023-06,0.050788,1.07,13.650000000000002,4.8192,4.8186,-0.08,0.06,-0.12,0.62,102.28352,102.39935,102.05019,101.53076,102.64586,102.48998,8.0,171445.0,105505.0,97038.0,8468.0,3242.0,5479459.0,1832115.0,,,118087.0,4450.3798828125,13787.919921875,34407.6015625,114.16999816894533,109.5,235.25,4.855599880218506,5.273900032043457,1929.4000244140625,70.63999938964844,74.9000015258789,1557.25,554.5,161.0,3.819000005722046,3.8550000190734863,18.85991859436035,47.56998062133789,19.732261657714844,20.60754776000977,34.7423210144043,30477.251953125,1933.18896484375
2023-07,0.050788,1.07,13.650000000000002,4.7415,4.7409,0.12,0.46,0.01,0.25,105.34474,102.90686,104.88954,101.33107,103.52312,102.65453,7.9,171559.0,105808.0,97463.0,8345.0,3260.0,5484871.0,1840704.0,,,121943.0,4588.9599609375,14346.01953125,35559.53125,117.9499969482422,112.9000015258789,239.82000732421875,4.723299980163574,5.189499855041504,1970.5,81.80000305175781,85.55999755859375,1445.75,504.0,164.64999389648438,3.9590001106262207,4.019000053405762,19.869016647338867,51.22920989990234,19.897356033325195,20.102783203125,36.87711715698242,29230.111328125,1856.162353515625
2023-08,0.0491892608695652,1.14,13.193478260869565,4.9219,4.9213,0.23,1.26,-0.12,0.08,106.05687,102.50239,108.45877,100.01381,105.74209,103.00634,7.8,171669.0,106000.0,97760.0,8240.0,3268.0,5559063.0,1862553.0,,,115742.0,4507.66015625,14034.9697265625,34721.91015625,112.30999755859376,104.1999969482422,247.6499938964844,4.888400077819824,5.313000202178955,1965.9000244140625,83.62999725341797,86.86000061035156,1360.0,461.0,152.6999969482422,4.0929999351501465,4.203999996185303,21.17669677734375,49.66135787963867,19.06847381591797,19.990514755249023,33.14506912231445,25931.47265625,1645.63916015625
2023-09,0.0484217,0.97,12.975,5.0076,5.007,0.26,1.11,-0.04,0.5,101.75897,102.5153,104.89026,101.10445,103.32648,102.5256,7.7,171782.0,106087.0,97938.0,8150.0,3301.0,5625945.0,1864531.0,,,116565.0,4288.0498046875,13219.3203125,33507.5,113.1500015258789,101.63999938964844,238.7899932861328,5.032800197601318,5.319699764251709,1866.0999755859373,90.79000091552734,95.30999755859376,1275.0,476.75,146.14999389648438,4.572999954223633,4.710999965667725,22.96683883666992,51.56905746459961,19.11483383178711,20.166719436645508,33.56339263916016,26967.916015625,1671.161865234375
2023-10,0.047279,1.0,12.650000000000002,5.0575,5.0569,0.24,-0.03,0.34,0.59,101.9338,102.83959,106.27517,101.63087,103.95682,102.58797,7.6,171894.0,106396.0,98302.0,8094.0,3311.0,5653808.0,1885845.0,,,113144.0,4193.7998046875,12851.240234375,33052.87109375,109.62000274658205,94.1999969482422,234.0,5.04610013961792,5.353700160980225,1994.300048828125,81.0199966430664,87.41000366210938,1287.0,478.75,167.3000030517578,4.875,5.021999835968018,23.03314018249512,52.65262985229492,18.85309219360352,20.666826248168945,30.546661376953125,34667.78125,1816.458984375
2023-11,0.0456013,0.92,12.175,4.9355,4.9349,0.28,0.16,0.31,0.7,101.68042,103.59456,103.21272,101.87064,104.29692,103.59281,7.5,172003.0,106635.0,98599.0,8037.0,3339.0,5711103.0,1910673.0,,,127331.0,4567.7998046875,14226.2197265625,35950.890625,123.56999969482422,106.3499984741211,249.6999969482422,4.904099941253662,5.362800121307373,2038.0999755859373,75.95999908447266,82.83000183105469,1342.75,461.75,195.0,4.352000236511231,4.513000011444092,24.741962432861328,58.09236907958984,22.220787048339844,23.19728279113769,31.638601303100582,37712.74609375,2052.55615234375
2023-12,0.0445373,0.89,11.875,4.8413,4.8407,0.56,0.31,0.65,0.6,101.68469,104.88818,95.66482,104.60026,106.32739,104.63541,7.4,172115.0,106988.0,99062.0,7926.0,3324.0,5805157.0,1922367.0,,,134185.0,4769.830078125,15011.349609375,37689.5390625,130.38999938964844,113.1999969482422,257.6099853515625,4.850200176239014,5.3429999351501465,2071.800048828125,71.6500015258789,77.04000091552734,1293.5,471.25,188.3000030517578,3.865999937057495,4.019000053405762,25.6583309173584,60.727569580078125,24.097278594970703,23.825830459594727,34.22397232055664,42265.1875,2281.47119140625
2024-01,0.043739,0.97,11.65,4.9535,4.9529,0.42,0.19,0.5,0.02,99.29718,104.473,96.17699,102.52385,102.03151,104.72347,7.6,172223.0,106809.0,98677.0,8133.0,3361.0,5794707.0,1947518.0,,,127752.0,4845.64990234375,15164.009765625,38150.30078125,123.9499969482422,106.37000274658205,266.6199951171875,4.950300216674805,5.360400199890137,2048.39990234375,75.8499984741211,81.70999908447266,1222.25,448.25,194.0500030517578,3.9670000076293945,4.215000152587891,28.08361053466797,53.30181503295898,23.265214920043945,24.28179168701172,29.986534118652344,42582.60546875,2282.54443359375
2024-02,0.041957,0.8,11.15,4.9833,4.9827,0.83,0.88,0.81,1.06,102.15036,104.65885,95.69761,101.99243,100.70951,105.20359,7.8,172334.0,106708.0,98334.0,8374.0,3375.0,5815954.0,1953857.0,,,129020.0,5096.27001953125,16091.919921875,38996.390625,125.25,106.5,281.1000061035156,4.967299938201904,5.38100004196167,2054.699951171875,78.26000213623047,83.62000274658203,1128.25,415.75,195.8500061035156,4.251999855041504,4.375,27.656429290771484,52.69611740112305,24.89082145690918,24.888294219970703,34.30404281616211,61198.3828125,3341.919677734375
2024-03,0.0414203,0.83,11.0,4.9962,4.9956,0.16,0.25,0.14,0.1,109.56901,104.6738,99.90904,102.14962,105.0307,105.72104,7.9,172445.0,106743.0,98290.0,8453.0,3370.0,5899742.0,1969433.0,,,128106.0,5254.35009765625,16379.4599609375,39807.37109375,124.33000183105467,109.0,292.6000061035156,5.014100074768066,5.406499862670898,2217.39990234375,83.16999816894531,87.4800033569336,1191.5,442.0,188.8500061035156,4.205999851226807,4.348999977111816,25.741012573242188,49.99094009399414,25.59712028503418,24.530670166015625,35.76782989501953,71333.6484375,3647.8564453125
2024-04,0.040168,0.89,10.65,5.1718,5.1712,0.38,0.74,0.26,0.05,109.2572,104.62771,101.6955,101.96154,105.33531,105.52444,7.5,172548.0,106923.0,98877.0,8046.0,3381.0,5915538.0,1989763.0,,,125924.0,5035.68994140625,15657.8203125,37815.921875,122.37999725341795,100.5,291.0,5.117000102996826,5.479400157928467,2302.89990234375,81.93000030517578,87.86000061035156,1145.5,439.5,220.6499938964844,4.685999870300293,4.789999961853027,29.7624454498291,52.01259613037109,23.1851806640625,23.75948143005371,37.031883239746094,60636.85546875,3012.286865234375
2024-05,0.0394838095238095,0.83,10.45952380952381,5.2416,5.241,0.46,0.55,0.42,0.4,104.71213,105.60427,103.86278,102.85497,104.92663,105.40958,7.1,172658.0,107016.0,99393.0,7623.0,3398.0,5953960.0,2008616.0,,,122098.0,5277.509765625,16735.01953125,38686.3203125,118.66000366210938,96.87000274658205,308.20001220703125,5.202099800109863,5.631100177764893,2322.89990234375,76.98999786376953,81.62000274658203,1205.0,446.25,222.3500061035156,4.513999938964844,4.651999950408936,28.682350158691406,51.93863677978516,22.95411872863769,23.49953269958496,35.15922546386719,67491.4140625,3760.026611328125
2024-06,0.03927,0.79,10.4,5.5589,5.5583,0.21,0.33,0.16,0.04,105.86915,106.5891,104.22441,104.18449,106.13516,106.44047,6.9,172765.0,107272.0,99883.0,7388.0,3420.0,6041898.0,2024407.0,,,123907.0,5460.47998046875,17732.599609375,39118.859375,120.37999725341795,96.4499969482422,339.8299865722656,5.500500202178955,5.890900135040283,2339.60009765625,81.54000091552734,86.41000366210938,1150.5,397.25,228.9499969482422,4.3429999351501465,4.501999855041504,28.93677520751953,51.13325881958008,24.178800582885746,23.717344284057617,39.503787994384766,62678.29296875,3432.88916015625
2024-07,0.03927,0.91,10.4,5.6621,5.6615,0.38,1.08,0.14,0.75,111.509,107.06237,110.59819,104.5025,109.24544,106.85728,6.8,172874.0,107360.0,100081.0,7279.0,3405.0,6069205.0,2052490.0,,,127652.0,5522.2998046875,17599.400390625,40842.7890625,124.04000091552734,98.5,347.70001220703125,5.611100196838379,6.069499969482422,2426.5,77.91000366210938,80.72000122070312,1028.5,382.75,229.1999969482422,4.109000205993652,4.36899995803833,28.45005416870117,50.64838409423828,25.289234161376957,23.575273513793945,47.50518798828125,64619.25,3231.295654296875
2024-08,0.03927,0.87,10.4,5.6562,5.6556,-0.02,-0.12,0.02,0.24,110.06254,107.19174,112.57718,104.42263,109.29051,107.02478,6.6,172982.0,107687.0,100559.0,7128.0,3423.0,6135298.0,2071804.0,,,136004.0,5648.39990234375,17713.619140625,41563.078125,132.60000610351562,102.7699966430664,354.8500061035156,5.627699851989746,6.222400188446045,2527.60009765625,73.55000305175781,78.80000305175781,982.0,378.0,248.1999969482422,3.91100001335144,4.196000099182129,30.7927188873291,50.75234222412109,27.40846443176269,25.382965087890625,50.96973419189453,58969.8984375,2513.393798828125
2024-09,0.0396120952380952,0.84,10.495238095238095,5.4481,5.4475,0.44,1.01,0.24,0.15,107.07852,108.04382,108.48426,104.9083,108.62428,107.74738,6.4,173095.0,107912.0,101058.0,6854.0,3413.0,6216528.0,2087763.0,,,131816.0,5762.47998046875,18189.169921875,42330.1484375,128.42999267578125,97.95999908447266,349.79998779296875,5.433199882507324,6.065199851989746,2659.39990234375,68.16999816894531,71.7699966430664,1057.0,424.75,270.25,3.802000045776367,4.133999824523926,28.164743423461918,54.10005569458008,27.18356132507324,24.69496726989746,51.25973129272461,63329.5,2603.062744140625
2024-10,0.040168,0.93,10.65,5.7779,5.7773,0.56,0.71,0.5,0.35,109.18379,108.2446,112.37594,104.67534,110.55916,107.77157,6.2,173208.0,108327.0,101628.0,6699.0,3427.0,6275117.0,2115756.0,,,129713.0,5705.4501953125,18095.150390625,41763.4609375,126.26000213623048,97.25,368.5799865722656,5.76230001449585,6.252200126647949,2749.300048828125,69.26000213623047,73.16000366210938,982.5,410.75,245.8999938964844,4.283999919891357,4.4730000495910645,28.08652877807617,52.86489486694336,26.37590217590332,23.922679901123047,50.99584579467773,70215.1875,2515.79931640625
2024-11,0.0415803684210526,0.79,11.044736842105262,6.0535,6.0529,0.39,-0.87,0.83,0.83,105.49006,108.00109,105.6033,104.88899,107.88257,107.44539,6.1,173317.0,108548.0,101916.0,6632.0,3441.0,6365690.0,2149448.0,,,125668.0,6032.3798828125,19218.169921875,44910.6484375,122.31999969482422,93.31999969482422,402.8500061035156,6.013899803161621,6.345178127288818,2657.0,68.0,72.94000244140625,989.5,423.0,321.6499938964844,4.177999973297119,4.366000175476074,30.42511367797852,50.07087326049805,24.56562042236328,22.9357967376709,50.83562469482422,96449.0546875,3705.705322265625
2024-12,0.0441583333333333,0.93,11.76904761904762,6.1923,6.1917,0.52,-0.17,0.77,0.66,104.15552,107.37012,95.8826,104.85089,108.82395,106.76042,6.2,173430.0,108516.0,101832.0,6684.0,3458.0,6464602.0,2166932.0,,,120283.0,5881.6298828125,19310.7890625,42544.21875,117.2699966430664,85.94999694824219,407.7000122070313,6.1778998374938965,6.422607898712158,2641.0,71.72000122070312,74.63999938964844,998.25,458.5,319.75,4.572999954223633,4.785999774932861,30.55546188354492,46.88235855102539,23.390087127685547,22.537071228027344,49.80449295043945,93429.203125,3332.53173828125
2025-01,0.0458333636363636,1.01,12.240909090909092,5.8301,5.8295,0.16,-1.52,0.74,0.78,102.62949,108.09524,99.12209,105.2793,104.63284,107.48992,6.5,173538.0,108050.0,100988.0,7062.0,3480.0,6465016.0,2197338.0,,,126135.0,6040.52978515625,19627.439453125,44544.66015625,123.0,91.4000015258789,394.1499938964844,5.874499797821045,6.10128116607666,2812.5,72.52999877929688,76.76000213623047,1042.0,482.0,377.8500061035156,4.568999767303467,4.813000202178955,31.82191467285156,46.55576705932617,25.74921226501465,25.8099365234375,51.94692611694336,102405.0234375,3298.26513671875
2025-02,0.049037,0.99,13.15,5.8488,5.8482,1.31,3.16,0.68,0.82,106.82599,108.62006,97.48411,104.03557,103.87176,107.84974,6.8,173650.0,108011.0,100683.0,7328.0,3496.0,6511444.0,2200929.0,,,122799.0,5954.5,18847.279296875,43840.91015625,120.01000213623048,87.5999984741211,392.7000122070313,5.839000225067139,6.064280986785889,2848.5,69.76000213623047,73.18000030517578,1011.5,453.5,379.0499877929688,4.230999946594238,4.515999794006348,30.3359375,47.39802169799805,25.49725914001465,25.464933395385746,45.69894790649414,84373.0078125,2237.9052734375
2025-03,0.0505081578947368,0.96,13.571052631578947,5.7422,5.7416,0.56,0.18,0.7,0.62,114.02067,110.03287,103.55858,107.37029,106.34858,108.01089,7.0,173761.0,108077.0,100511.0,7566.0,3509.0,6576464.0,2229975.0,,,130260.0,5611.85009765625,17299.2890625,42001.76171875,127.3000030517578,93.41999816894533,358.70001220703125,5.7581000328063965,6.226650238037109,3122.800048828125,71.4800033569336,74.73999786376953,1014.75,457.25,379.75,4.245999813079834,4.61299991607666,31.374441146850582,50.63204956054688,27.596826553344727,26.90711784362793,43.07685852050781,82548.9140625,1823.47998046875
2025-04,0.052531,1.06,14.15,5.6608,5.6602,0.43,0.35,0.46,0.2,112.59512,109.52766,102.55643,105.7623,106.81837,108.44762,6.6,173862.0,108391.0,101260.0,7130.0,3492.0,6623948.0,2254391.0,,,135067.0,5569.06005859375,17446.33984375,40669.359375,131.6300048828125,101.5,354.3500061035156,5.619999885559082,6.393861770629883,3319.10009765625,58.209999084472656,63.119998931884766,1034.75,467.25,413.6000061035156,4.177000045776367,4.681000232696533,25.94694328308105,47.20299911499024,31.278173446655277,27.61344337463379,42.46800231933594,94207.3125,1793.775390625
2025-05,0.0539355238095238,1.14,14.554761904761907,5.7087,5.7081,0.26,0.7,0.11,0.18,108.55704,108.8862,107.68027,105.56161,108.23577,108.33534,6.2,173972.0,108553.0,101863.0,6690.0,3503.0,6666287.0,2270810.0,,,137027.0,5911.68994140625,19113.76953125,42270.0703125,133.99000549316406,107.63999938964844,378.7999877929688,5.66510009765625,6.439149856567383,3288.89990234375,60.790000915527344,63.900001525878906,1041.75,444.0,342.45001220703125,4.415999889373779,4.928999900817871,26.7342586517334,46.52433395385742,32.92082595825195,22.354190826416016,40.28942108154297,104638.09375,2529.08740234375
2025-06,0.05456875,1.1,14.7375,5.4571,5.4565,0.24,0.6,0.11,0.4,107.36219,108.80376,104.37969,105.37126,107.9358,108.66493,5.8,174079.0,108569.0,102316.0,6253.0,3531.0,6703663.0,2283397.0,,,138855.0,6204.9501953125,20369.73046875,44094.76953125,135.85000610351562,109.02999877929688,377.8500061035156,5.478400230407715,6.418485164642334,3307.699951171875,65.11000061035156,67.61000061035156,1024.25,420.5,306.75,4.230000019073486,4.77899980545044,27.967674255371094,47.01547622680664,32.815269470214844,21.47652244567871,40.7906379699707,107135.3359375,2486.46435546875
2025-07,0.055131,1.28,14.9,5.6021,5.6015,0.26,0.67,0.12,0.59,113.10928,108.49869,110.96684,104.62634,111.03314,108.56773,5.6,174189.0,108554.0,102437.0,6118.0,3534.0,6733209.0,2309843.0,,,133071.0,6339.39013671875,21122.44921875,44130.98046875,129.8800048828125,101.91999816894533,398.010009765625,5.575399875640869,6.365372180938721,3293.199951171875,69.26000213623047,72.52999877929688,961.75,394.0,295.79998779296875,4.360000133514404,4.886000156402588,29.09065818786621,47.73878860473633,31.2404842376709,19.152894973754883,35.55282974243164,115758.203125,3696.707763671875
2025-08,0.055131,1.16,14.900000000000002,5.4264,5.4258,-0.11,-0.61,0.07,0.39,110.38054,108.82893,111.5707,105.40234,110.24525,108.82079,5.6,174298.0,108502.0,102418.0,6084.0,3536.0,6774436.0,2328314.0,,,141422.0,6460.259765625,21455.55078125,45544.87890625,138.5,107.43000030517578,393.8500061035156,5.413000106811523,6.317119121551514,3516.10009765625,64.01000213623047,68.12000274658203,1036.75,398.0,396.8500061035156,4.227000236511231,4.916999816894531,28.346942901611328,51.35502243041992,34.548946380615234,20.795961380004883,36.07975387573242,108236.7109375,4390.01904296875
2025-09,0.055131,1.22,14.9,5.3186,5.318,0.48,1.87,0.0,0.13,109.48375,108.73548,110.9724,104.89653,111.07967,108.82084,5.6,174411.0,108478.0,102433.0,6045.0,3550.0,6852705.0,2346710.0,,,146237.0,6688.4599609375,22660.009765625,46397.890625,143.24000549316406,109.66999816894533,399.7999877929688,5.321700096130371,6.238303184509277,3873.199951171875,62.369998931884766,67.0199966430664,1001.75,415.5,374.8500061035156,4.1479997634887695,4.73199987411499,28.675073623657227,53.22213745117188,35.085655212402344,21.47652244567871,35.16136932373047,114056.0859375,4145.95751953125
2025-10,0.055131,1.28,14.9,5.3843,5.3837,0.09,-0.16,0.17,0.41,110.07682,108.75326,113.03211,104.29556,111.89163,108.89432,5.4,174525.0,108465.0,102555.0,5910.0,3564.0,6923886.0,2390860.0,,,149540.0,6840.2001953125,23724.9609375,47562.87109375,146.41000366210938,110.05999755859376,413.3299865722656,5.381999969482422,6.222774982452393,3996.5,60.97999954223633,65.06999969482422,1099.75,431.5,392.0499877929688,4.10099983215332,4.670000076293945,27.11644554138184,60.32088851928711,35.43391799926758,21.291797637939453,40.45623397827149,109556.1640625,3847.080322265625
2025-11,0.0551309999999999,1.05,14.9,5.3338,5.3332,0.18,0.21,0.16,0.6,106.59892,109.25005,105.19831,104.72512,109.75648,109.39197,5.2,174634.0,108662.0,103019.0,5644.0,3603.0,7004223.0,2429653.0,,,159072.0,6849.08984375,23365.689453125,47716.421875,155.85000610351562,116.48999786376952,411.0899963378906,5.355400085449219,6.207324981689453,4254.89990234375,58.54999923706055,63.20000076293945,1137.75,435.5,413.0,4.017000198364258,4.664999961853027,28.97586441040039,62.29892349243164,37.427207946777344,21.845970153808597,42.52229309082031,90394.3125,2992.112548828125
2025-12,0.055131,1.22,14.9,5.5024,5.5018,0.33,-0.22,0.52,0.72,107.18417,109.4528,97.32872,104.79934,112.21124,109.39101,5.1,174747.0,108501.0,102998.0,5503.0,3635.0,7137252.0,2458741.0,,,161125.0,6845.5,23241.990234375,48063.2890625,158.0,112.4499969482422,424.2000122070313,5.476200103759766,6.426734924316406,4341.10009765625,57.41999816894531,60.84999847412109,1030.5,440.25,348.75,4.163000106811523,4.840000152587891,28.97891998291016,69.99588012695312,38.4122314453125,21.423852920532227,48.29239654541016,87508.828125,2967.03759765625
2026-01,0.055131,1.16,14.900000000000002,5.2301,5.2295,0.33,0.53,0.25,0.1,103.77761,110.04992,98.52341,105.52133,106.75003,110.16336,5.4,174856.0,108522.0,102671.0,5851.0,3664.0,7130762.0,2478837.0,,,181364.0,6939.02978515625,23461.8203125,48892.46875,178.1999969482422,123.8000030517578,410.6499938964844,5.189199924468994,6.203474044799805,4745.10009765625,65.20999908447266,70.69000244140625,1064.25,428.25,332.25,4.241000175476074,4.872000217437744,35.50434494018555,82.01851654052734,44.57218933105469,24.64916038513184,51.48800277709961,78621.1171875,2445.091796875
2026-02,0.055131,1.0,14.9,5.1495,5.1489,0.7,0.17,0.89,1.51,106.76075,110.7366,96.57868,106.26495,104.95267,110.70451,5.8,174968.0,108388.0,102145.0,6243.0,3669.0,7157783.0,2484498.0,,,188787.0,6878.8798828125,22668.2109375,48977.921875,185.16000366210935,126.37999725341795,396.75,5.136600017547607,6.056934833526611,5247.89990234375,67.0199966430664,72.4800033569336,1157.25,438.75,284.6000061035156,3.961999893188477,4.632999897003174,36.980560302734375,86.05524444580078,45.84440612792969,26.55828666687012,49.4770622253418,66995.859375,1965.050537109375
2026-03,0.0547771363636363,1.21,14.797727272727274,5.2194,5.2188,0.88,1.22,0.75,0.53,118.01719,110.58808,106.55708,106.39259,111.01349,110.21055,6.1,175080.0,108555.0,101976.0,6579.0,3690.0,7240557.0,2518078.0,,,187462.0,6528.52001953125,21590.630859375,46341.51171875,184.27999877929688,120.0,380.1499938964844,5.263999938964844,6.027728080749512,4647.60009765625,101.37999725341795,118.3499984741211,1171.0,457.75,298.3500061035156,4.310999870300293,4.890999794006348,45.76261901855469,80.22874450683594,42.9791259765625,22.72484397888184,50.89204788208008,68233.3125,2104.708251953125
2026-04,0.0542227,1.09,14.6375,4.9886,4.988,0.67,1.0,0.55,0.04,113.99295,110.90009,103.92909,106.62679,108.60686,110.55675,5.8,175181.0,108655.0,102333.0,6322.0,3668.0,7259766.0,2527923.0,,,187318.0,7209.009765625,24892.310546875,49652.140625,184.08999633789065,115.76000213623048,402.5,5.017499923706055,5.858231067657471,4629.60009765625,105.06999969482422,114.01000213623048,1182.0,464.75,300.8999938964844,4.389999866485596,4.986999988555908,46.79911804199219,78.96421813964844,42.71031951904297,21.94429397583008,44.75627136230469,76304.3203125,2256.251220703125
2026-05,0.0534,1.07,14.4,5.0569,5.0563,0.58,0.44,0.64,0.4,109.65479,111.13846,107.72973,107.31987,109.73588,110.67514,5.6,175292.0,108768.0,102703.0,6065.0,3639.0,7305306.0,2542956.0,,,173788.0,7580.06005859375,26972.619140625,51032.4609375,170.75,110.98999786376952,430.3999938964844,5.051700115203857,5.882352828979492,4593.0,87.36000061035156,92.0500030517578,1186.75,446.75,265.6000061035156,4.453000068664551,4.993000030517578,40.04814529418945,80.55945587158203,39.61198806762695,20.057144165039062,43.99802780151367,73579.6875,2004.341552734375
2026-06,0.0530275714285714,1.12,14.292857142857144,5.1766,5.176,0.16,0.29,0.11,0.33,109.94156,110.15775,106.06494,105.41877,110.41885,110.13664,5.4,175400.0,108919.0,103057.0,5861.0,3631.0,7353293.0,2535433.0,,,172024.0,7499.35986328125,26213.720703125,52319.19921875,169.0500030517578,107.9800033569336,435.6499938964844,5.181787014007568,5.917160034179688,4038.5,69.5,72.91999816894531,1116.75,412.75,311.20001220703125,4.418000221252441,4.901999950408936,36.64966583251953,75.75428771972656,42.12455749511719,19.811182022094727,46.90999984741211,58558.859375,1569.5838623046875
2026-07,0.052531,1.22,14.15,5.0773,5.0767,0.07,0.27,-0.01,0.54,114.40189,109.91611,111.49238,104.99816,112.43175,110.12393,5.3,175510.0,109154.0,103335.0,5819.0,3644.0,7372243.0,2560381.0,,,177999.0,7489.72021484375,25373.849609375,52485.03125,175.02000427246094,107.25,428.3900146484375,5.078100204467773,5.847952842712402,4107.0,84.66999816894531,90.12000274658205,1172.0,440.75,332.1000061035156,4.744999885559082,5.275000095367432,42.09863662719727,74.19796752929688,42.85209274291992,21.244035720825195,47.20000076293945,62813.74609375,1860.345947265625
2026-08,0.0517844285714285,1.09,13.935714285714289,5.1816,5.181,-0.32,-1.25,0.01,0.03,,,,,,,,,,,,,,,,,177419.0,7686.14013671875,26370.890625,53185.8984375,174.77999877929688,106.12999725341795,449.3500061035156,5.191199779510498,6.009614944458008,4481.5,85.76000213623047,90.48999786376952,1275.25,515.0,343.8999938964844,4.757999897003174,5.249000072479248,45.02000045776367,77.8499984741211,39.5018196105957,20.637062072753903,50.150001525878906,78548.6328125,2466.8203125
2026-09,0.0515873333333333,0.62,13.879166666666668,5.1521,5.1515,,,,,,,,,,,,,,,,,,,,,185992.0,7637.759765625,26418.30078125,51778.0390625,182.66000366210935,110.3000030517578,438.7999877929688,5.141900062561035,5.910099983215332,4418.5,96.11000061035156,98.63999938964844,1307.0,530.25,278.29998779296875,4.947000026702881,5.296000003814697,48.650001525878906,73.0,42.619998931884766,22.709999084472656,51.27999877929688,78210.9921875,2515.02001953125
